"","Year","Gender","Grade_of_Student","E_Cig_Ever_Used","E_Cig_Days_Used","E_Cig_Last_Used","E_Cig_Curiousity","E_Cig_Try","E_Cig_Try_Next_Year","Cigarette_Ever_Used","Cigarette_Days_Used","Cigarette_Last_Used","Cigarette_Curiosity","Cigarette_Try","Cigarette_Try_Next_Year","The_Real_Cost","Any_Tobacco_Craving","Attempt_Quitting_Tobacco","Are_Tobacco_Products_Harmful","E_Cig_Promotions_Internet","Tobacco_Promotions_Internet"
"1",2019,"F","9th","No","S","S","No","No","No","No","S","S","No","No","No","Yes","3","S","Yes","Rarely","Rarely"
"2",2019,"M","9th","No","S","S","No","No","No","No","S","S","No","No","No","Yes","Yes","S","Yes","Sometimes","Rarely"
"3",2019,"M","9th","No","S","S","No","No","No","No","S","S","No","No","No","Yes","Yes","S","Yes","Sometimes","Most of the time"
"4",2019,"M","9th","No","S","S","No","No","No","No","S","S","No","No","No","Yes","Yes","S","Yes","Never","Rarely"
"5",2019,"M","9th","No","S","S","No","No","No","No","S","S","No","No","No","Yes","6","S","Yes","Always","Always"
"6",2019,"F","9th","No","S","S","No","No","No","No","S","S","No","No","No","Not Sure","3","S","Yes","Never","Never"
"7",2019,"F","9th","No","S","S","Yes","No","No","No","S","S","No","No","No","Yes","3","S","Yes","Rarely","Most of the time"
"8",2019,"M","9th","No","S","S","No","No","No","No","S","S","No","No","No","Yes","3","S","Yes","Rarely","Rarely"
"9",2019,"M","9th","No","S","S","No","No","No","No","S","S","No","No","No","Yes","3","S","Yes","Sometimes","Rarely"
"10",2019,"M","9th","No","S","S","No","No","No","No","S","S","No","No","No","Yes","Yes","S","Yes","Never","Rarely"
"11",2019,"M","9th","No","S","S","No","No","No","No","S","S","No","No","No","Yes","Yes","S","Yes","Rarely","Rarely"
"12",2019,"F","9th","Yes","1","0","S","S","S","No","S","S","Yes","No","No","Yes","4","S","Yes","Rarely","Rarely"
"13",2019,"M","9th","No","S","S","No","No","No","No","S","S","No","No","No","No","Yes","S","Yes","Rarely","Rarely"
"14",2019,"M","9th","No","S","S","No","No","No","No","S","S","No","No","No","No","Yes","S","Yes","Never","Rarely"
"15",2019,"F","9th","Yes","1","0","S","S","S","Yes","0","1-4 Years Ago","S","S","S","Yes","Yes","S","Yes","Never","Never"
"16",2019,"F","9th","No","S","S","No","No","No","No","S","S","No","No","No","Not Sure","No","S","Yes","Never","Rarely"
"17",2019,"M","9th","No","S","S","No","No","No","No","S","S","No","No","No","Yes","Yes","S","Yes","N","Most of the time"
"18",2019,"F","9th","No","S","S","No","No","No","No","S","S","No","No","No","Yes","No","S","Yes","Sometimes","Sometimes"
"19",2019,"M","9th","No","S","S","No","No","No","No","S","S","Yes","No","No","Yes","3","S","Yes","Sometimes","Sometimes"
"20",2019,"F","9th","No","S","S","No","No","No","No","S","S","No","No","No","Yes","No","S","Yes","Rarely","Never"
"21",2019,"F","9th","No","S","S","No","No","No","No","S","S","No","No","No","No","Yes","S","Yes","Never","Never"
"22",2019,"M","9th","Yes","75","0","S","S","S","Yes","0","1-4 Years Ago","S","S","S","Yes","Yes","S","Yes","Sometimes","Most of the time"
"23",2019,"M","9th","No","S","S","No","No","No","No","S","S","No","No","No","Yes","3","S","Yes","Sometimes","Rarely"
"24",2019,"F","9th","Yes","75","Today","S","S","S","Yes","0","1-4 Years Ago","S","S","S","Yes","Yes","Yes","Yes","Sometimes","Rarely"
"25",2019,"F","9th","No","S","S","No","No","No","No","S","S","No","No","No","Yes","3","S","Yes","Sometimes","Rarely"
"26",2019,"M","12th","Yes","75","Last Month","S","S","S","Yes","3","E","S","S","S","No","No","N","Yes","Never","Never"
"27",2019,"M","12th","No","S","S","Yes","Yes","Yes","Yes","1","Last 7 Days","S","S","S","Yes","3","Yes","Yes","Never","Rarely"
"28",2019,"F","10th","Yes","1","Today","S","S","S","Yes","1","E","S","S","S","No","Yes","N","No","Never","Never"
"29",2019,"M","12th","No","S","S","No","No","No","No","S","S","No","No","No","Yes","Yes","S","Yes","Sometimes","Sometimes"
"30",2019,"F","10th","No","S","S","Yes","No","No","No","S","S","Yes","No","No","Yes","3","S","Yes","Sometimes","Sometimes"
"31",2019,"M","12th","No","S","S","No","No","No","No","S","S","No","No","No","Yes","4","S","Yes","Rarely","Rarely"
"32",2019,"M","10th","No","S","S","No","No","No","No","S","S","No","No","No","No","No","S","Yes","Never","Never"
"33",2019,"M","12th","Yes","35","15","S","S","S","Yes","1","Last 7 Days","S","S","S","Yes","4","No","Yes","Sometimes","Sometimes"
"34",2019,"M","10th","No","S","S","Yes","No","No","No","S","S","No","No","No","Yes","5","S","Yes","Sometimes","Rarely"
"35",2019,"F","12th","No","S","S","Yes","Yes","Yes","No","S","S","No","No","No","Yes","3","S","Yes","Rarely","Sometimes"
"36",2019,"M","11th","Yes","35","0","S","S","S","Yes","0","5 Years Ago","S","S","S","Yes","3","S","No","Sometimes","Sometimes"
"37",2019,"M","12th","No","S","S","No","No","No","No","S","S","No","No","No","Not Sure","Yes","S","Yes","Never","Rarely"
"38",2019,"M","11th","Yes","1","0","S","S","S","Yes","0","Last Year","S","S","S","No","3","Yes","Yes","Rarely","Rarely"
"39",2019,"M","11th","No","S","S","No","No","No","No","S","S","No","No","No","Not Sure","Yes","S","Yes","Never","Never"
"40",2019,"M","12th","No","S","S","No","No","No","No","S","S","No","No","No","No","No","S","No","Rarely","Never"
"41",2019,"M","11th","Yes","35","0","S","S","S","Yes","0","1-4 Years Ago","S","S","S","No","No","S","Yes","Never","Rarely"
"42",2019,"F","11th","No","S","S","No","No","No","No","S","S","No","No","No","Yes","5","S","Yes","Sometimes","Rarely"
"43",2019,"M","11th","No","S","S","No","No","No","No","S","S","No","No","No","Yes","4","S","Yes","Never","Rarely"
"44",2019,"F","11th","Yes","75","0","S","S","S","No","S","S","Yes","No","No","No","3","S","Yes","Rarely","Rarely"
"45",2019,"M","11th","No","S","S","No","No","No","No","S","S","No","No","No","Not Sure","3","S","Yes","Most of the time","Rarely"
"46",2019,"M","11th","No","S","S","Yes","No","No","No","S","S","Yes","No","No","Not Sure","Yes","S","Yes","Never","Never"
"47",2019,"F","11th","Yes","75","0","S","S","S","Yes","0","Last Year","S","S","S","No","5","Yes","Yes","Sometimes","Never"
"48",2019,"M","11th","No","S","S","No","No","No","Yes","3","E","S","S","S","N","N","Yes","N","N","N"
"49",2019,"F","11th","No","S","S","No","No","No","No","S","S","No","No","No","Yes","6","S","Yes","Always","Always"
"50",2019,"F","11th","Yes","75","Today","S","S","S","Yes","1","Last 7 Days","S","S","S","No","4","Yes","Yes","Never","Sometimes"
"51",2019,"F","11th","No","S","S","No","No","No","No","S","S","No","No","No","Yes","4","S","Yes","Sometimes","Most of the time"
"52",2019,"M","11th","No","S","S","No","No","No","No","S","S","Yes","No","No","Yes","Yes","S","Yes","Rarely","Never"
"53",2019,"M","12th","No","S","S","Yes","No","Yes","No","S","S","No","No","No","Not Sure","3","S","Yes","Rarely","Rarely"
"54",2019,"F","12th","Yes","1","Today","S","S","S","No","S","S","Yes","No","No","No","3","No","No","Sometimes","Most of the time"
"55",2019,"F","12th","Yes","35","10","S","S","S","Yes","0","1-4 Years Ago","S","S","S","No","3","No","Yes","Never","Never"
"56",2019,"F","12th","Yes","75","0","S","S","S","Yes","0","Last Year","S","S","S","No","No","S","No","Rarely","Never"
"57",2019,"M","12th","Yes","1","0","S","S","S","No","S","S","No","No","No","No","No","S","Yes","Rarely","Sometimes"
"58",2019,"M","12th","No","S","S","No","No","No","No","S","S","No","No","No","Yes","4","S","Yes","Sometimes","Sometimes"
"59",2019,"M","12th","Yes","75","0","S","S","S","Yes","0","Last 6 Months","S","S","S","No","No","S","Yes","Never","I do not use the internet"
"60",2019,"F","12th","Yes","75","0","S","S","S","No","S","S","No","No","No","No","3","S","Yes","Rarely","Rarely"
"61",2019,"F","11th","Yes","1","0","S","S","S","No","S","S","No","No","No","Not Sure","N","S","Yes","Sometimes","Sometimes"
"62",2019,"F","12th","Yes","100","0","S","S","S","No","S","S","No","No","Yes","Not Sure","6","No","Yes","I do not use the internet","Rarely"
"63",2019,"M","12th","No","S","S","No","No","No","No","S","S","No","No","No","Not Sure","3","S","Yes","Never","Never"
"64",2019,"F","12th","No","S","S","Yes","Yes","No","No","S","S","Yes","No","No","Yes","3","S","Yes","Sometimes","Sometimes"
"65",2019,"M","12th","No","S","S","No","No","No","No","S","S","No","No","No","No","No","S","Yes","Sometimes","Never"
"66",2019,"M","12th","Yes","1","0","S","S","S","Yes","0","Last Year","S","S","S","Not Sure","4","S","Yes","I do not use the internet","Never"
"67",2019,"M","12th","Yes","35","Last Year","S","S","S","Yes","2","Last 7 Days","S","S","S","Yes","No","No","Yes","Rarely","Rarely"
"68",2019,"F","12th","No","S","S","No","No","No","No","S","S","No","No","No","Yes","6","S","Yes","Always","Always"
"69",2019,"M","12th","No","S","S","No","No","No","No","S","S","No","No","No","No","No","S","Yes","Never","Never"
"70",2019,"M","12th","Yes","1","Today","S","S","S","No","S","S","Yes","No","No","Yes","3","Yes","No","Sometimes","Never"
"71",2019,"F","12th","Yes","1","9","S","S","S","Yes","2","Today","S","S","S","No","4","No","Yes","Rarely","Never"
"72",2019,"F","9th","Yes","75","Last Month","S","S","S","Yes","0","1-4 Years Ago","S","S","S","Not Sure","4","N","Yes","Sometimes","Sometimes"
"73",2019,"M","9th","No","S","S","No","No","No","No","S","S","No","No","No","No","Yes","S","Yes","Never","Never"
"74",2019,"F","9th","No","S","S","No","No","No","No","S","S","No","No","No","Yes","Yes","S","Yes","Rarely","Sometimes"
"75",2019,"M","9th","No","S","S","No","No","No","No","S","S","No","No","No","Yes","Yes","S","Yes","Sometimes","Most of the time"
"76",2019,"M","9th","Yes","75","0","S","S","S","Yes","0","Last 6 Months","S","S","S","Yes","No","S","Yes","Never","Never"
"77",2019,"M","9th","No","S","S","No","No","No","No","S","S","No","No","No","No","No","S","N","N","Most of the time"
"78",2019,"F","9th","No","S","S","Yes","No","No","No","S","S","No","No","No","Yes","3","S","Yes","Rarely","Rarely"
"79",2019,"F","9th","No","S","S","Yes","No","No","No","S","S","Yes","No","No","No","Yes","S","Yes","Sometimes","Rarely"
"80",2019,"F","9th","No","S","S","No","No","No","No","S","S","No","No","No","Yes","Yes","S","Yes","Rarely","Rarely"
"81",2019,"M","9th","Yes","75","Today","S","S","S","Yes","0","Last Year","S","S","S","N","N","N","Yes","Never","Never"
"82",2019,"F","9th","No","S","S","Yes","No","No","No","S","S","No","No","No","No","Yes","S","No","Rarely","Rarely"
"83",2019,"F","9th","Yes","1","0","S","S","S","No","S","S","Yes","No","No","Yes","Yes","S","Yes","Sometimes","Sometimes"
"84",2019,"M","9th","Yes","75","0","S","S","S","Yes","0","1-4 Years Ago","S","S","S","Yes","5","S","Yes","Most of the time","Most of the time"
"85",2019,"F","9th","Yes","1","1-4 Years Ago","S","S","S","No","S","S","No","No","No","Not Sure","Yes","No","Yes","Sometimes","Sometimes"
"86",2019,"F","9th","No","S","S","No","No","No","No","S","S","No","No","No","No","No","S","Yes","Never","Sometimes"
"87",2019,"M","9th","Yes","100","30","S","S","S","Yes","5","Today","S","S","S","N","N","No","N","N","N"
"88",2019,"F","9th","Yes","1","0","S","S","S","No","S","S","No","No","No","Not Sure","4","S","Yes","Never","Rarely"
"89",2019,"F","9th","No","S","S","No","No","No","No","S","S","No","No","No","Yes","3","S","Yes","Sometimes","Sometimes"
"90",2019,"F","9th","No","S","S","Yes","No","No","No","S","S","Yes","No","No","No","5","S","Yes","Sometimes","Sometimes"
"91",2019,"M","9th","Yes","1","0","S","S","S","No","S","S","Yes","No","No","Yes","3","S","Yes","Rarely","Rarely"
"92",2019,"M","9th","No","S","S","No","No","No","No","S","S","No","No","No","Yes","3","S","Yes","Rarely","Rarely"
"93",2019,"F","9th","No","S","S","No","No","No","No","S","S","No","Yes","No","Yes","No","S","Yes","Never","Most of the time"
"94",2019,"F","10th","No","S","S","Yes","No","No","Yes","0","Last Year","S","S","S","Yes","5","S","Yes","Sometimes","Rarely"
"95",2019,"M","10th","Yes","75","0","S","S","S","Yes","0","1-4 Years Ago","S","S","S","Yes","Yes","S","Yes","Most of the time","Rarely"
"96",2019,"M","10th","Yes","15","25","S","S","S","Yes","20","E","S","S","S","Z","Z","Z","Z","Z","Z"
"97",2019,"M","10th","Yes","1","0","S","S","S","No","S","S","Yes","No","No","No","5","S","No","Most of the time","Never"
"98",2019,"F","10th","No","S","S","No","No","No","No","S","S","No","No","No","Yes","4","S","Yes","Sometimes","Rarely"
"99",2019,"F","10th","No","S","S","No","No","No","No","S","S","No","No","No","Not Sure","4","S","Yes","Always","Most of the time"
"100",2019,"M","10th","No","S","S","No","No","No","No","S","S","No","No","No","No","3","S","Yes","Never","Rarely"
"101",2019,"F","10th","No","S","S","No","No","No","No","S","S","No","No","No","Yes","4","S","Yes","Most of the time","Rarely"
"102",2019,"M","10th","No","S","S","No","No","No","No","S","S","No","No","No","Yes","6","S","Yes","Always","Sometimes"
"103",2019,"M","10th","Yes","75","0","S","S","S","Yes","0","5 Years Ago","S","S","S","N","4","N","Yes","Sometimes","Sometimes"
"104",2019,"M","10th","No","S","S","No","No","No","No","S","S","No","No","No","No","No","S","No","Never","Never"
"105",2019,"F","10th","Yes","75","0","S","S","S","No","S","S","No","No","No","Not Sure","Yes","S","Yes","Rarely","Rarely"
"106",2019,"M","Unplaced","Yes","100","Last 7 Days","S","S","S","No","S","S","Yes","No","No","Yes","3","Yes","Yes","Sometimes","Sometimes"
"107",2019,"M","10th","Yes","75","Today","S","S","S","No","S","S","Yes","No","No","Yes","Yes","Yes","Yes","Never","Sometimes"
"108",2019,"F","10th","No","S","S","No","No","No","No","S","S","Yes","No","No","No","No","S","Yes","Never","Rarely"
"109",2019,"M","10th","No","S","S","No","No","No","No","S","S","No","No","No","Yes","3","S","Yes","Sometimes","Sometimes"
"110",2019,"M","10th","Yes","75","0","S","S","S","Yes","0","1-4 Years Ago","S","S","S","Not Sure","Yes","No","No","Rarely","I do not use the internet"
"111",2019,"M","10th","No","S","S","No","No","No","No","S","S","No","No","No","No","Yes","S","Yes","Never","Never"
"112",2019,"M","10th","No","S","S","No","No","No","No","S","S","Yes","No","No","Not Sure","3","S","Yes","Never","Rarely"
"113",2019,"F","10th","Yes","75","Last 7 Days","S","S","S","No","S","S","No","No","No","Yes","3","No","Yes","Sometimes","Sometimes"
"114",2019,"F","10th","Yes","1","0","S","S","S","No","S","S","No","No","No","Not Sure","4","S","Yes","Sometimes","Never"
"115",2019,"M","10th","No","S","S","No","No","No","No","S","S","No","No","No","No","3","S","Yes","Never","Most of the time"
"116",2019,"F","10th","Yes","15","30","S","S","S","Yes","1","Last 7 Days","S","S","S","Not Sure","6","Yes","No","Always","Always"
"117",2019,"M","10th","No","S","S","No","No","No","No","S","S","Yes","No","No","Not Sure","3","S","Yes","Rarely","Never"
"118",2019,"F","10th","Yes","75","30","S","S","S","Yes","0","Last Year","S","S","S","Yes","Yes","No","Yes","Most of the time","Sometimes"
"119",2019,"F","10th","No","S","S","No","No","No","No","S","S","No","No","No","Yes","N","S","N","N","N"
"120",2019,"F","9th","Yes","75","Today","S","S","S","Yes","0","Last Year","S","S","S","No","No","Yes","No","Never","Never"
"121",2019,"M","10th","No","S","S","No","No","No","No","S","S","No","No","No","Yes","Z","S","Yes","Z","Z"
"122",2019,"F","10th","No","S","S","No","No","No","Yes","0","5 Years Ago","S","S","S","Yes","3","S","Yes","Sometimes","Sometimes"
"123",2019,"M","10th","No","S","S","No","No","No","No","S","S","No","No","No","Yes","Yes","S","Yes","Rarely","Rarely"
"124",2019,"M","10th","Yes","100","20","S","S","S","No","S","S","No","No","No","Yes","Yes","No","Yes","Sometimes","Most of the time"
"125",2019,"F","10th","No","S","S","Yes","No","No","No","S","S","Yes","No","No","No","3","S","Yes","Rarely","Rarely"
"126",2019,"M","11th","No","S","S","No","No","No","Yes","0","Last 6 Months","S","S","S","Yes","4","Yes","Yes","Rarely","Sometimes"
"127",2019,"M","11th","Yes","100","15","S","S","S","Yes","1","Today","S","S","S","Not Sure","4","No","Yes","Rarely","Sometimes"
"128",2019,"F","11th","No","S","S","No","No","No","Yes","0","5 Years Ago","S","S","S","Yes","3","S","Yes","Rarely","Rarely"
"129",2019,"M","11th","Yes","1","0","S","S","S","Yes","0","5 Years Ago","S","S","S","Yes","No","S","Yes","Never","Rarely"
"130",2019,"F","11th","No","S","S","No","No","No","No","S","S","No","No","No","Yes","Yes","S","Yes","Rarely","Never"
"131",2019,"F","11th","Yes","75","Last Year","S","S","S","Yes","0","Last 6 Months","S","S","S","Yes","4","Yes","Yes","Rarely","Most of the time"
"132",2019,"M","11th","Yes","100","0","S","S","S","Yes","0","5 Years Ago","S","S","S","No","Yes","S","Yes","Rarely","I do not use the internet"
"133",2019,"M","11th","No","S","S","No","No","No","No","S","S","No","No","No","Not Sure","3","S","Yes","Rarely","Rarely"
"134",2019,"F","11th","No","S","S","No","No","No","No","S","S","No","No","No","Yes","3","S","Yes","Rarely","Never"
"135",2019,"M","11th","Yes","75","Last Year","S","S","S","No","S","S","No","No","No","Yes","3","Yes","Yes","Rarely","Sometimes"
"136",2019,"N","N","No","S","S","No","No","No","No","S","S","No","No","No","Not Sure","Yes","S","Yes","Rarely","Sometimes"
"137",2019,"M","11th","Yes","1","0","S","S","S","Yes","0","Last Year","S","S","S","No","4","S","Yes","Most of the time","Rarely"
"138",2019,"F","11th","No","S","S","No","No","No","No","S","S","No","No","No","Yes","No","S","Yes","Rarely","I do not use the internet"
"139",2019,"M","11th","No","S","S","No","No","No","Yes","1","Last Month","S","S","S","Yes","4","Yes","Yes","Sometimes","Always"
"140",2019,"F","11th","No","S","S","Yes","No","No","No","S","S","No","No","No","Yes","3","S","Yes","Never","Never"
"141",2019,"F","11th","Yes","75","0","S","S","S","No","S","S","Yes","Yes","No","Yes","Yes","S","Yes","Never","Never"
"142",2019,"F","11th","No","S","S","No","No","No","No","S","S","No","No","No","No","Yes","S","Yes","Rarely","Sometimes"
"143",2019,"M","11th","Yes","15","Last Month","S","S","S","No","S","S","Yes","No","No","Yes","No","No","No","Never","Rarely"
"144",2019,"F","11th","No","S","S","No","No","No","Yes","0","N","S","S","S","Yes","Yes","Yes","Yes","Never","Rarely"
"145",2019,"M","11th","No","S","S","No","No","No","No","S","S","No","No","No","Yes","5","S","Yes","Rarely","Always"
"146",2019,"M","11th","Yes","1","0","S","S","S","Yes","0","1-4 Years Ago","S","S","S","Yes","No","N","Yes","Never","Never"
"147",2019,"F","11th","No","S","S","No","No","No","No","S","S","No","No","No","No","No","S","Yes","Never","Never"
"148",2019,"M","11th","No","S","S","No","No","No","No","S","S","No","No","No","Yes","Yes","S","Yes","Never","Never"
"149",2019,"F","11th","No","S","S","No","No","No","No","S","S","No","No","No","Yes","No","S","Yes","Rarely","Never"
"150",2019,"F","11th","No","S","S","No","No","No","No","S","S","No","No","No","Yes","No","S","Yes","Most of the time","Sometimes"
"151",2019,"M","11th","Yes","1","0","S","S","S","No","S","S","Yes","Yes","Yes","Yes","Yes","S","Yes","Rarely","Rarely"
"152",2019,"M","11th","No","S","S","Yes","No","No","No","S","S","No","No","No","Yes","Yes","S","Yes","Never","Never"
"153",2019,"M","11th","Yes","75","0","S","S","S","Yes","0","Last 6 Months","S","S","S","Yes","3","S","Yes","Sometimes","Rarely"
"154",2019,"F","11th","No","S","S","Yes","No","No","No","S","S","Yes","No","No","Yes","Yes","S","Yes","Never","Rarely"
"155",2019,"F","12th","No","S","S","No","No","No","No","S","S","No","No","No","Yes","No","S","Yes","Never","Rarely"
"156",2019,"M","12th","Yes","75","Last 7 Days","S","S","S","Yes","0","1-4 Years Ago","S","S","S","Yes","3","N","Yes","Sometimes","Rarely"
"157",2019,"M","12th","Yes","1","Today","S","S","S","Yes","1","E","S","S","S","Yes","4","Yes","Yes","Sometimes","Sometimes"
"158",2019,"M","12th","No","S","S","No","No","No","No","S","S","No","No","No","No","Yes","S","Yes","Sometimes","Sometimes"
"159",2019,"M","12th","No","S","S","No","No","No","No","S","S","No","No","No","No","3","S","Yes","Never","Rarely"
"160",2019,"M","12th","Yes","75","0","S","S","S","Yes","0","Last 6 Months","S","S","S","Yes","4","S","Yes","Sometimes","Rarely"
"161",2019,"M","12th","Yes","75","Last 7 Days","S","S","S","Yes","0","Last Year","S","S","S","N","N","N","N","N","N"
"162",2019,"M","12th","Yes","100","20","S","S","S","Yes","4","Last Month","S","S","S","No","No","Yes","No","Never","Never"
"163",2019,"F","12th","Yes","15","Last Month","S","S","S","Yes","20","Last 7 Days","S","S","S","No","Yes","No","Yes","Never","Sometimes"
"164",2019,"M","12th","Yes","15","0","S","S","S","Yes","0","Last 6 Months","S","S","S","No","Yes","S","Yes","Rarely","Rarely"
"165",2019,"F","12th","No","S","S","No","No","No","No","S","S","No","No","No","Yes","Yes","S","No","Never","Sometimes"
"166",2019,"F","12th","No","S","S","No","No","No","No","S","S","No","No","No","No","N","S","Yes","Rarely","Never"
"167",2019,"M","12th","No","S","S","Yes","Yes","Yes","No","S","S","Yes","No","No","Yes","Yes","S","Yes","Most of the time","Most of the time"
"168",2019,"F","12th","Yes","1","0","S","S","S","Yes","5","Last 7 Days","S","S","S","Yes","3","Yes","Yes","Sometimes","Never"
"169",2019,"M","12th","Yes","35","Last 6 Months","S","S","S","Yes","0","Last Year","S","S","S","Yes","No","Yes","Yes","Rarely","Never"
"170",2019,"F","12th","Yes","75","10","S","S","S","Yes","0","1-4 Years Ago","S","S","S","Yes","Yes","Yes","Yes","Sometimes","Sometimes"
"171",2019,"F","12th","No","S","S","Yes","No","No","No","S","S","No","No","No","No","Yes","S","No","Sometimes","Rarely"
"172",2019,"F","12th","No","S","S","Yes","Yes","No","No","S","S","Yes","Yes","No","Yes","No","S","Yes","Sometimes","Rarely"
"173",2019,"M","12th","No","S","S","No","No","No","Yes","0","5 Years Ago","S","S","S","No","Yes","S","Yes","Never","Rarely"
"174",2019,"M","12th","No","S","S","Yes","No","No","No","S","S","No","No","No","Yes","4","S","Yes","Sometimes","Most of the time"
"175",2019,"F","12th","Yes","1","Today","S","S","S","No","S","S","No","No","No","Yes","Yes","Yes","Yes","Sometimes","Sometimes"
"176",2019,"F","12th","Yes","1","0","S","S","S","No","S","S","No","No","No","Yes","3","S","Yes","Most of the time","Rarely"
"177",2019,"F","12th","Yes","15","0","S","S","S","Yes","0","Last 6 Months","S","S","S","Yes","3","No","Yes","Sometimes","Sometimes"
"178",2019,"F","12th","Yes","75","0","S","S","S","No","S","S","No","No","No","Yes","Yes","S","Yes","Rarely","Rarely"
"179",2019,"F","12th","Yes","100","25","S","S","S","Yes","0","Last Year","S","S","S","Yes","Yes","No","Yes","Never","Never"
"180",2019,"F","6th","No","S","S","No","No","No","No","S","S","No","No","No","Yes","Yes","S","Yes","Rarely","Sometimes"
"181",2019,"F","6th","Yes","15","22","S","S","S","No","S","S","Yes","Yes","Yes","No","No","Yes","No","Never","Never"
"182",2019,"M","6th","No","S","S","No","No","No","No","S","S","No","No","No","Not Sure","Yes","S","Yes","Never","Rarely"
"183",2019,"F","6th","No","S","S","Yes","No","No","No","S","S","No","No","No","Yes","4","S","Yes","Rarely","Rarely"
"184",2019,"F","6th","Yes","75","Last Year","S","S","S","No","S","S","Yes","No","No","Yes","Yes","Yes","Yes","Sometimes","Most of the time"
"185",2019,"F","6th","Yes","1","Today","S","S","S","No","S","S","Yes","No","No","Yes","Yes","Yes","No","Sometimes","Sometimes"
"186",2019,"F","6th","Yes","1","Today","S","S","S","No","S","S","Yes","No","No","Yes","3","N","Yes","Most of the time","Most of the time"
"187",2019,"F","6th","Yes","35","20","S","S","S","No","S","S","Yes","No","No","No","No","No","No","I do not use the internet","N"
"188",2019,"M","6th","No","S","S","No","No","No","No","S","S","No","No","No","Yes","Yes","S","Yes","Never","Rarely"
"189",2019,"M","6th","No","S","S","N","N","Yes","No","S","S","No","No","No","N","N","Yes","N","N","I do not use the internet"
"190",2019,"M","6th","Yes","75","20","S","S","S","Yes","20","Last 7 Days","S","S","S","No","5","No","No","Rarely","Never"
"191",2019,"M","7th","Yes","75","0","S","S","S","Yes","0","1-4 Years Ago","S","S","S","No","Yes","S","Yes","Rarely","Rarely"
"192",2019,"F","7th","No","S","S","Yes","No","No","No","S","S","No","No","No","No","Yes","S","Yes","Rarely","Rarely"
"193",2019,"F","7th","No","S","S","No","No","No","No","S","S","No","No","No","Not Sure","3","S","Yes","Never","Never"
"194",2019,"M","7th","No","S","S","No","No","No","No","S","S","No","No","No","Not Sure","Yes","S","Yes","Never","Rarely"
"195",2019,"F","7th","No","S","S","No","No","No","No","S","S","Yes","N","No","Not Sure","5","S","Yes","Rarely","Most of the time"
"196",2019,"M","7th","No","S","S","Yes","No","No","No","S","S","Yes","No","No","Not Sure","Yes","S","Yes","Never","Rarely"
"197",2019,"F","7th","No","S","S","Yes","Yes","No","Yes","0","Last 6 Months","S","S","S","Yes","Yes","S","Yes","Rarely","Sometimes"
"198",2019,"M","7th","No","S","S","Yes","No","No","No","S","S","Yes","No","No","Yes","Yes","S","No","Rarely","Never"
"199",2019,"F","7th","Yes","75","Last 6 Months","S","S","S","Yes","0","1-4 Years Ago","S","S","S","Yes","3","Yes","Yes","Rarely","Rarely"
"200",2019,"F","7th","No","S","S","No","No","No","No","S","S","No","No","No","Yes","Yes","S","Yes","Sometimes","Most of the time"
"201",2019,"F","8th","Yes","35","Last Year","S","S","S","No","S","S","Yes","No","No","Yes","4","Yes","No","Rarely","Sometimes"
"202",2019,"M","8th","Yes","35","10","S","S","S","Yes","0","1-4 Years Ago","S","S","S","Yes","5","No","No","Most of the time","Most of the time"
"203",2019,"M","8th","Yes","1","0","S","S","S","No","S","S","Yes","Yes","Yes","Yes","4","S","Yes","Sometimes","Sometimes"
"204",2019,"M","8th","No","S","S","Yes","No","No","No","S","S","No","No","No","Not Sure","3","S","Yes","Sometimes","Sometimes"
"205",2019,"F","8th","Yes","75","0","S","S","S","Yes","0","Last Year","S","S","S","Yes","4","S","Yes","Never","Sometimes"
"206",2019,"M","8th","No","S","S","Yes","Yes","No","No","S","S","No","No","No","No","5","S","Yes","Sometimes","Sometimes"
"207",2019,"F","8th","No","S","S","Yes","No","No","No","S","S","Yes","No","No","Yes","4","S","No","Sometimes","Most of the time"
"208",2019,"F","8th","No","S","S","No","No","No","No","S","S","No","No","No","Yes","3","S","Yes","Sometimes","Sometimes"
"209",2019,"F","8th","No","S","S","No","No","No","No","S","S","No","No","No","Yes","3","S","Yes","Rarely","Rarely"
"210",2019,"F","8th","Yes","1","0","S","S","S","No","S","S","Yes","Yes","Yes","Yes","3","S","No","Never","Rarely"
"211",2019,"M","8th","Yes","1","Today","S","S","S","Yes","0","1-4 Years Ago","S","S","S","No","Yes","No","Yes","Sometimes","Rarely"
"212",2019,"M","8th","Yes","100","0","S","S","S","Yes","0","1-4 Years Ago","S","S","S","No","Yes","S","Yes","Rarely","Sometimes"
"213",2019,"F","8th","Yes","75","10","S","S","S","No","S","S","Yes","Yes","Yes","Yes","3","Yes","Yes","Most of the time","Sometimes"
"214",2019,"M","8th","No","S","S","Yes","No","No","No","S","S","Yes","No","No","Yes","Yes","S","Yes","Sometimes","I do not use the internet"
"215",2019,"M","8th","Yes","1","Today","S","S","S","Yes","0","Last Year","S","S","S","Yes","N","Yes","N","Rarely","Rarely"
"216",2019,"F","6th","No","S","S","No","No","No","No","S","S","No","No","No","No","3","S","Yes","Sometimes","Sometimes"
"217",2019,"F","6th","Yes","75","0","S","S","S","No","S","S","No","No","No","Not Sure","Yes","S","Yes","Rarely","Sometimes"
"218",2019,"M","6th","No","S","S","Yes","No","No","No","S","S","Yes","No","No","Not Sure","Yes","S","Yes","Sometimes","Sometimes"
"219",2019,"M","6th","N","N","N","S","S","S","N","N","S","S","S","S","No","Yes","S","Yes","Always","I do not use the internet"
"220",2019,"M","6th","No","S","S","Yes","No","No","No","S","S","Yes","No","No","Not Sure","Yes","S","Yes","Always","Most of the time"
"221",2019,"F","6th","Yes","1","0","S","S","S","No","S","S","Yes","No","No","Yes","4","S","Yes","Most of the time","Most of the time"
"222",2019,"M","6th","No","S","S","No","No","No","Yes","0","Last Year","S","S","S","Yes","4","S","No","Never","Most of the time"
"223",2019,"F","6th","Yes","15","Last Month","S","S","S","No","S","S","No","No","No","Yes","Yes","Yes","Yes","Sometimes","Sometimes"
"224",2019,"M","6th","No","S","S","No","No","No","No","S","S","No","No","No","Yes","Yes","S","Yes","Rarely","Sometimes"
"225",2019,"M","6th","No","S","S","No","N","No","No","S","S","No","No","No","No","Yes","S","Yes","Never","Never"
"226",2019,"F","6th","No","S","S","No","No","No","No","S","S","No","No","No","Not Sure","Yes","S","Yes","Never","Rarely"
"227",2019,"M","6th","No","S","S","No","No","No","No","S","S","No","No","No","Yes","3","S","Yes","Rarely","Most of the time"
"228",2019,"F","6th","No","S","S","Yes","No","No","No","S","S","Yes","No","No","Yes","Yes","S","Yes","Rarely","Always"
"229",2019,"F","6th","No","S","S","Yes","No","No","No","S","S","Yes","No","No","No","3","S","Yes","Rarely","Rarely"
"230",2019,"M","6th","No","S","S","Yes","No","No","No","S","S","No","No","No","No","No","S","Yes","Rarely","Rarely"
"231",2019,"M","6th","Yes","75","0","S","S","S","Yes","0","1-4 Years Ago","S","S","S","Yes","3","S","Yes","Sometimes","Sometimes"
"232",2019,"F","6th","No","S","S","No","No","No","No","S","S","Yes","No","No","Yes","Yes","S","No","Never","Sometimes"
"233",2019,"M","6th","Yes","35","1-4 Years Ago","S","S","S","Yes","0","E","S","S","S","Not Sure","Yes","No","No","Never","Rarely"
"234",2019,"F","6th","No","S","S","Yes","No","No","No","S","S","Yes","No","No","Yes","Yes","S","Yes","Rarely","Sometimes"
"235",2019,"F","6th","No","S","S","No","No","No","No","S","S","No","No","No","Yes","Yes","S","Yes","Rarely","Rarely"
"236",2019,"M","6th","No","S","S","No","No","No","No","S","S","No","No","No","Yes","Yes","S","No","Rarely","Sometimes"
"237",2019,"F","6th","No","S","S","No","No","No","No","S","S","No","No","No","Not Sure","No","S","Yes","Never","Never"
"238",2019,"F","7th","No","S","S","No","No","No","No","S","S","No","No","No","Not Sure","Yes","S","Yes","Never","Rarely"
"239",2019,"M","7th","No","S","S","No","No","No","No","S","S","No","No","No","Yes","Yes","S","Yes","Rarely","Rarely"
"240",2019,"M","7th","No","S","S","No","No","Yes","No","S","S","No","No","No","Not Sure","6","No","Yes","Sometimes","Never"
"241",2019,"F","7th","No","S","S","No","No","No","No","S","S","No","No","No","Yes","Yes","S","No","Never","Never"
"242",2019,"M","7th","Yes","1","Today","S","S","S","Yes","0","Last Year","S","S","S","No","4","Yes","Yes","Sometimes","Rarely"
"243",2019,"F","7th","No","S","S","No","No","No","No","S","S","No","No","No","Yes","3","S","Yes","Most of the time","Sometimes"
"244",2019,"M","7th","No","S","S","No","No","No","No","S","S","No","No","No","Yes","Yes","S","Yes","Never","Never"
"245",2019,"F","7th","No","S","S","No","No","No","No","S","S","No","No","No","Yes","Yes","S","Yes","Rarely","Sometimes"
"246",2019,"N","7th","No","S","S","No","No","No","No","S","S","No","No","No","Yes","3","S","Yes","Never","Rarely"
"247",2019,"M","7th","No","S","S","Yes","No","No","No","S","S","Yes","No","No","Yes","Yes","S","No","Sometimes","Sometimes"
"248",2019,"F","7th","No","S","S","No","No","No","No","S","S","No","No","No","Not Sure","Yes","S","Yes","I do not use the internet","I do not use the internet"
"249",2019,"M","7th","No","S","S","No","No","No","No","S","S","No","No","No","Yes","Yes","S","Yes","Never","Never"
"250",2019,"F","7th","No","S","S","No","No","No","No","S","S","No","No","No","Not Sure","Yes","S","Yes","Never","Never"
"251",2019,"M","7th","No","S","S","Yes","No","No","No","S","S","Yes","No","No","Yes","4","S","Yes","Sometimes","Most of the time"
"252",2019,"M","7th","No","S","S","No","No","No","No","S","S","No","No","No","Not Sure","Yes","S","Yes","Rarely","Never"
"253",2019,"M","7th","No","S","S","No","No","No","No","S","S","No","No","No","Yes","Yes","S","Yes","Always","Sometimes"
"254",2019,"M","7th","Yes","1","0","S","S","S","No","S","S","No","No","No","Yes","No","S","No","Sometimes","Never"
"255",2019,"F","7th","Yes","15","15","S","S","S","Yes","1","E","S","S","S","Yes","Yes","No","No","I do not use the internet","I do not use the internet"
"256",2019,"F","7th","No","S","S","No","No","No","No","S","S","No","No","No","Not Sure","Yes","S","No","Rarely","Rarely"
"257",2019,"F","7th","No","S","S","No","No","No","No","S","S","No","No","No","Yes","Yes","S","Yes","Sometimes","Most of the time"
"258",2019,"M","7th","No","S","S","No","No","No","No","S","S","No","No","No","Not Sure","No","S","Yes","Never","Never"
"259",2019,"F","7th","Yes","35","10","S","S","S","Yes","5","Last Month","S","S","S","Yes","Yes","No","Yes","Most of the time","Sometimes"
"260",2019,"F","7th","No","S","S","Yes","No","No","No","S","S","No","No","No","Yes","3","S","Yes","Rarely","Rarely"
"261",2019,"M","7th","Yes","1","0","S","S","S","No","S","S","No","No","No","Not Sure","Yes","S","Yes","Never","Rarely"
"262",2019,"M","8th","No","S","S","No","No","No","Yes","0","1-4 Years Ago","S","S","S","Yes","No","S","Yes","Never","Rarely"
"263",2019,"F","8th","No","S","S","Yes","No","Yes","No","S","S","No","No","No","Yes","Yes","S","Yes","Rarely","Rarely"
"264",2019,"M","8th","No","S","S","Yes","No","No","No","S","S","No","No","N","No","Yes","S","No","Never","Never"
"265",2019,"M","8th","No","S","S","No","No","No","No","S","S","No","No","No","Yes","4","S","Yes","Sometimes","Rarely"
"266",2019,"F","8th","Yes","1","0","S","S","S","No","S","S","Yes","No","No","Yes","5","S","No","Rarely","Most of the time"
"267",2019,"M","8th","Yes","1","30","S","S","S","No","S","S","No","No","No","No","Yes","Yes","Yes","Rarely","Sometimes"
"268",2019,"M","8th","No","S","S","Yes","No","No","No","S","S","Yes","No","No","Yes","3","S","Yes","Rarely","Sometimes"
"269",2019,"F","8th","No","S","S","No","No","No","No","S","S","No","No","No","Yes","3","S","Yes","Most of the time","Most of the time"
"270",2019,"F","8th","Yes","1","Today","S","S","S","No","S","S","Yes","No","No","No","5","No","Yes","Never","Most of the time"
"271",2019,"F","8th","Yes","75","Last Month","S","S","S","Yes","1","E","S","S","S","No","6","No","No","Rarely","Always"
"272",2019,"F","8th","No","S","S","Yes","No","No","No","S","S","No","No","No","Yes","Yes","S","No","Always","Most of the time"
"273",2019,"M","8th","No","S","S","No","No","No","No","S","S","No","No","No","Yes","Yes","S","Yes","Never","Rarely"
"274",2019,"M","8th","No","S","S","No","No","No","No","S","S","Yes","No","No","Yes","3","S","Yes","Rarely","Rarely"
"275",2019,"F","8th","No","S","S","No","No","No","No","S","S","No","No","No","Not Sure","4","S","Yes","Never","Sometimes"
"276",2019,"M","8th","No","S","S","Yes","Yes","No","Yes","0","1-4 Years Ago","S","S","S","Yes","Yes","S","Yes","Sometimes","Rarely"
"277",2019,"M","8th","No","S","S","No","No","No","No","S","S","No","No","No","Yes","Yes","S","Yes","Never","Never"
"278",2019,"M","8th","Yes","1","0","S","S","S","Yes","0","Last Year","S","S","S","Not Sure","No","S","Yes","Never","Never"
"279",2019,"M","8th","Yes","1","0","S","S","S","Yes","0","Last 6 Months","S","S","S","Not Sure","4","S","Yes","Sometimes","Sometimes"
"280",2019,"F","8th","Yes","1","0","S","S","S","No","S","S","Yes","No","No","Yes","Yes","S","No","Sometimes","Rarely"
"281",2019,"M","8th","No","S","S","No","No","No","No","S","S","No","No","No","Yes","Yes","S","Yes","Never","Rarely"
"282",2019,"M","8th","Yes","75","Today","S","S","S","No","S","S","Yes","Yes","No","No","6","No","No","Rarely","Rarely"
"283",2019,"F","8th","No","S","S","No","No","No","No","S","S","No","No","No","Not Sure","3","S","Yes","Rarely","Rarely"
"284",2019,"M","8th","No","S","S","Yes","Yes","Yes","No","S","S","No","No","No","Yes","5","S","Yes","Most of the time","Sometimes"
"285",2019,"F","8th","No","S","S","No","No","No","No","S","S","Yes","No","No","Not Sure","No","S","Yes","Sometimes","Rarely"
"286",2019,"M","8th","No","S","S","Yes","No","No","No","S","S","Yes","No","No","Yes","3","S","Yes","Never","Sometimes"
"287",2019,"M","8th","No","S","S","No","No","No","No","S","S","No","Yes","No","Yes","Yes","S","Yes","Rarely","Sometimes"
"288",2019,"M","8th","No","S","S","Yes","No","No","No","S","S","Yes","Yes","Yes","No","Yes","S","Yes","Never","Rarely"
"289",2019,"F","8th","Yes","75","Last Month","S","S","S","No","S","S","No","No","No","Yes","3","No","No","Never","Rarely"
"290",2019,"M","8th","Yes","1","Today","S","S","S","No","S","S","Yes","No","No","No","4","Yes","Yes","Most of the time","Most of the time"
"291",2019,"M","8th","No","S","S","No","No","No","No","S","S","No","No","No","No","Yes","S","Yes","Never","Never"
"292",2019,"M","9th","Yes","75","Last 7 Days","S","S","S","No","S","S","Yes","No","No","Yes","Yes","Yes","No","Sometimes","Rarely"
"293",2019,"M","9th","Yes","75","Last 7 Days","S","S","S","No","S","S","Yes","Yes","No","Yes","Yes","Yes","Yes","Sometimes","Sometimes"
"294",2019,"M","9th","No","S","S","No","No","No","No","S","S","No","No","No","Yes","Yes","S","Yes","Rarely","Never"
"295",2019,"F","9th","No","S","S","No","No","No","No","S","S","Yes","No","No","Yes","Yes","Yes","Yes","Sometimes","Sometimes"
"296",2019,"M","9th","No","S","S","No","No","No","No","S","S","No","No","No","No","3","S","Yes","Sometimes","Rarely"
"297",2019,"F","9th","Yes","1","0","S","S","S","No","S","S","Yes","Yes","No","Yes","Yes","S","Yes","Most of the time","Sometimes"
"298",2019,"M","9th","No","S","S","Yes","Yes","No","No","S","S","No","No","No","Yes","Yes","S","Yes","Rarely","Sometimes"
"299",2019,"M","9th","No","S","S","No","No","No","No","S","S","No","No","No","Yes","No","S","Yes","Never","Never"
"300",2019,"M","9th","No","S","S","No","No","No","No","S","S","No","No","No","Yes","Yes","S","Yes","Never","Rarely"
"301",2019,"M","9th","No","S","S","Yes","No","No","No","S","S","Yes","No","No","Not Sure","3","S","Yes","Sometimes","Rarely"
"302",2019,"M","9th","No","S","S","Yes","No","No","No","S","S","No","No","No","Yes","Yes","S","Yes","Rarely","Rarely"
"303",2019,"F","9th","No","S","S","No","No","No","No","S","S","No","No","No","Yes","Yes","S","Yes","Sometimes","Rarely"
"304",2019,"F","9th","No","S","S","No","No","No","No","S","S","No","No","No","Yes","Yes","S","Yes","Sometimes","Sometimes"
"305",2019,"M","9th","No","S","S","No","No","No","No","S","S","Yes","No","No","Yes","Yes","S","Yes","Rarely","Sometimes"
"306",2019,"M","9th","Yes","75","0","S","S","S","Yes","0","Last 6 Months","S","S","S","Yes","Yes","S","Yes","Rarely","Sometimes"
"307",2019,"F","9th","Yes","35","1-4 Years Ago","S","S","S","Yes","10","Last 7 Days","S","S","S","Yes","No","No","Yes","Never","Never"
"308",2019,"M","9th","No","S","S","No","No","No","No","S","S","No","No","No","Yes","Yes","S","Yes","Most of the time","Most of the time"
"309",2019,"F","9th","No","S","S","No","No","No","No","S","S","No","No","No","Yes","Yes","S","Yes","Most of the time","Always"
"310",2019,"F","9th","Yes","1","0","S","S","S","No","S","S","No","No","No","Yes","3","S","Yes","Never","Rarely"
"311",2019,"M","9th","Yes","15","0","S","S","S","No","S","S","No","No","No","Yes","3","S","Yes","Rarely","Rarely"
"312",2019,"M","9th","Yes","1","0","S","S","S","Yes","0","5 Years Ago","S","S","S","Yes","3","S","Yes","Rarely","Rarely"
"313",2019,"F","9th","No","S","S","No","No","No","No","S","S","No","No","No","Yes","Yes","S","Yes","Sometimes","Sometimes"
"314",2019,"M","9th","No","S","S","No","No","No","No","S","S","No","No","No","Yes","Yes","S","Yes","Rarely","Rarely"
"315",2019,"F","9th","No","S","S","Yes","No","No","No","S","S","No","No","No","Yes","No","S","Yes","Rarely","Rarely"
"316",2019,"F","9th","No","S","S","Yes","No","No","No","S","S","No","No","No","Yes","No","S","Yes","Never","Never"
"317",2019,"M","10th","Yes","75","30","S","S","S","Yes","0","Last 6 Months","S","S","S","No","Yes","Yes","Yes","Rarely","Sometimes"
"318",2019,"M","10th","No","S","S","No","No","No","No","S","S","No","No","No","No","3","S","Yes","Rarely","Sometimes"
"319",2019,"M","10th","Yes","100","30","S","S","S","No","S","S","Yes","Yes","Yes","No","No","No","No","Always","Always"
"320",2019,"M","10th","Yes","100","Last Year","S","S","S","Yes","0","Last Year","S","S","S","Yes","Yes","Yes","Yes","Rarely","Rarely"
"321",2019,"M","10th","Yes","1","Today","S","S","S","No","S","S","No","No","No","Yes","6","Yes","Yes","Most of the time","Sometimes"
"322",2019,"M","10th","Yes","100","25","S","S","S","Yes","1","E","S","S","S","Not Sure","N","Yes","Yes","Most of the time","Most of the time"
"323",2019,"F","10th","No","S","S","No","No","No","No","S","S","No","No","No","Yes","3","S","Yes","Most of the time","Most of the time"
"324",2019,"F","10th","Yes","75","Last 7 Days","S","S","S","No","S","S","No","No","No","No","N","No","Yes","Never","N"
"325",2019,"F","10th","Yes","75","10","S","S","S","Yes","0","1-4 Years Ago","S","S","S","Yes","3","Yes","Yes","Rarely","Sometimes"
"326",2019,"F","10th","Yes","75","0","S","S","S","Yes","0","1-4 Years Ago","S","S","S","Yes","6","S","Yes","Most of the time","Never"
"327",2019,"F","10th","No","S","S","No","No","No","No","S","S","No","No","No","Not Sure","Yes","S","Yes","Rarely","Sometimes"
"328",2019,"M","10th","Yes","100","15","S","S","S","Yes","1","Last Month","S","S","S","No","3","Yes","No","Rarely","Rarely"
"329",2019,"M","10th","Yes","75","0","S","S","S","Yes","1","Last Month","S","S","S","Yes","Yes","No","Yes","I do not use the internet","Sometimes"
"330",2019,"M","10th","Yes","75","N","S","S","S","Yes","N","E","S","S","S","Yes","Yes","No","No","Rarely","Most of the time"
"331",2019,"M","10th","Yes","35","15","S","S","S","No","S","S","Yes","No","No","Yes","4","No","Yes","Sometimes","Always"
"332",2019,"F","10th","No","S","S","Yes","No","No","No","S","S","No","No","No","Yes","Yes","S","Yes","Most of the time","Rarely"
"333",2019,"M","10th","Yes","1","0","S","S","S","No","S","S","No","No","No","Yes","3","S","Yes","Rarely","Never"
"334",2019,"F","10th","Yes","1","0","S","S","S","No","S","S","Yes","Yes","No","Yes","3","S","No","Most of the time","Most of the time"
"335",2019,"F","10th","Yes","75","Last 6 Months","S","S","S","No","S","S","No","No","No","Yes","3","No","Yes","Rarely","Never"
"336",2019,"M","10th","No","S","S","Yes","No","No","No","S","S","Yes","No","No","No","No","S","Yes","Sometimes","Rarely"
"337",2019,"M","10th","Yes","100","25","S","S","S","No","S","S","Yes","Yes","Yes","Not Sure","No","Yes","No","Sometimes","Rarely"
"338",2019,"M","10th","Yes","75","Today","S","S","S","Yes","0","1-4 Years Ago","S","S","S","Not Sure","Yes","No","No","Always","Rarely"
"339",2019,"M","9th","Yes","75","30","S","S","S","Yes","0","1-4 Years Ago","S","S","S","Yes","No","Yes","Yes","Never","Never"
"340",2019,"M","9th","No","S","S","No","No","No","No","S","S","No","No","No","Yes","4","S","Yes","Never","Never"
"341",2019,"M","9th","Yes","15","15","S","S","S","Yes","0","5 Years Ago","S","S","S","Yes","3","Yes","Yes","Sometimes","Most of the time"
"342",2019,"M","9th","Yes","75","0","S","S","S","No","S","S","No","No","No","Not Sure","Yes","S","Yes","Rarely","Rarely"
"343",2019,"N","9th","Yes","100","10","S","S","S","Yes","1","Last 7 Days","S","S","S","Yes","Yes","No","No","Most of the time","Most of the time"
"344",2019,"F","9th","Yes","15","0","S","S","S","Yes","0","Last 6 Months","S","S","S","Yes","Yes","S","Yes","Sometimes","Sometimes"
"345",2019,"F","9th","No","S","S","Yes","No","No","No","S","S","Yes","No","No","Not Sure","3","S","Yes","Most of the time","Rarely"
"346",2019,"M","9th","No","S","S","No","No","No","No","S","S","No","No","No","Not Sure","Yes","S","Yes","Sometimes","Sometimes"
"347",2019,"M","9th","Yes","35","15","S","S","S","Yes","0","Last Year","S","S","S","Yes","3","N","Yes","Sometimes","Most of the time"
"348",2019,"M","9th","No","S","S","No","No","No","No","S","S","No","No","No","Yes","Yes","S","Yes","Never","Most of the time"
"349",2019,"F","9th","No","S","S","No","No","No","No","S","S","No","No","No","Yes","5","S","Yes","Rarely","Sometimes"
"350",2019,"M","11th","No","S","S","No","No","No","No","S","S","No","No","No","Yes","Yes","S","Yes","Rarely","Sometimes"
"351",2019,"F","11th","No","S","S","No","No","No","No","S","S","No","No","No","No","No","S","Yes","Never","Never"
"352",2019,"M","11th","No","S","S","No","No","No","No","S","S","No","No","No","Not Sure","4","S","Yes","Most of the time","Sometimes"
"353",2019,"F","11th","No","S","S","No","No","No","No","S","S","No","No","No","Yes","6","S","Yes","Sometimes","Sometimes"
"354",2019,"F","11th","Yes","1","0","S","S","S","No","S","S","No","No","No","Yes","Yes","S","Yes","Rarely","Sometimes"
"355",2019,"M","11th","No","S","S","No","No","No","No","S","S","No","No","No","Yes","4","S","No","Never","Rarely"
"356",2019,"M","11th","Yes","1","Last 7 Days","S","S","S","No","S","S","No","No","No","Yes","Yes","No","No","Rarely","Rarely"
"357",2019,"M","11th","No","S","S","No","No","No","No","S","S","No","No","No","Yes","4","S","Yes","Always","Always"
"358",2019,"F","11th","Yes","75","0","S","S","S","No","S","S","Yes","No","No","Yes","3","S","Yes","Sometimes","Sometimes"
"359",2019,"M","11th","No","S","S","No","No","No","No","S","S","No","No","No","Yes","4","S","Yes","Sometimes","Rarely"
"360",2019,"M","11th","No","S","S","Yes","No","No","No","S","S","No","No","No","Yes","No","S","Yes","Never","Never"
"361",2019,"M","11th","No","S","S","No","No","No","No","S","S","No","No","No","Yes","Yes","S","Yes","Never","Always"
"362",2019,"F","11th","No","S","S","No","No","No","No","S","S","No","No","No","No","Yes","S","Yes","Rarely","Sometimes"
"363",2019,"F","12th","Yes","35","0","S","S","S","Yes","0","1-4 Years Ago","S","S","S","Yes","4","S","Yes","Always","Sometimes"
"364",2019,"M","12th","Yes","75","Today","S","S","S","Yes","5","Last 7 Days","S","S","S","Yes","N","Yes","Yes","Rarely","Sometimes"
"365",2019,"F","12th","Yes","1","Today","S","S","S","Yes","0","5 Years Ago","S","S","S","Not Sure","Yes","Yes","Yes","Rarely","Most of the time"
"366",2019,"M","12th","Yes","75","15","S","S","S","No","S","S","Yes","No","No","No","4","Yes","Yes","Rarely","Never"
"367",2019,"F","12th","No","S","S","No","No","No","Yes","0","1-4 Years Ago","S","S","S","No","Yes","S","Yes","I do not use the internet","I do not use the internet"
"368",2019,"F","12th","Yes","75","0","S","S","S","No","S","S","No","No","No","Yes","Yes","S","Yes","Most of the time","Rarely"
"369",2019,"F","10th","No","S","S","No","No","No","No","S","S","No","No","No","Yes","No","S","Yes","Most of the time","Most of the time"
"370",2019,"M","12th","No","S","S","No","No","No","Yes","0","Last Year","S","S","S","Yes","No","Yes","Yes","Never","Never"
"371",2019,"M","12th","Yes","35","15","S","S","S","No","S","S","No","Yes","No","No","No","Yes","Yes","Sometimes","Rarely"
"372",2019,"M","12th","No","S","S","Yes","No","No","No","S","S","Yes","No","No","No","Yes","S","Yes","Sometimes","Sometimes"
"373",2019,"M","6th","Yes","35","Today","S","S","S","No","S","S","No","No","No","Not Sure","3","Yes","Yes","Rarely","Rarely"
"374",2019,"F","6th","Yes","1","Last 7 Days","S","S","S","Yes","4","E","S","S","S","Yes","No","No","Yes","Never","Always"
"375",2019,"M","6th","No","S","S","No","No","No","No","S","S","No","No","No","Yes","Yes","S","Yes","Most of the time","Sometimes"
"376",2019,"F","6th","Yes","1","0","S","S","S","No","S","S","No","No","No","No","3","S","Yes","Most of the time","Sometimes"
"377",2019,"M","6th","No","S","S","No","No","No","No","S","S","No","No","No","Not Sure","Yes","S","Yes","Sometimes","Rarely"
"378",2019,"M","6th","No","S","S","No","No","No","No","S","S","No","No","No","No","Yes","S","Yes","Rarely","Rarely"
"379",2019,"F","6th","Yes","1","Last 7 Days","S","S","S","No","S","S","No","No","No","Yes","6","Yes","Yes","Sometimes","Always"
"380",2019,"M","6th","No","S","S","No","No","No","No","S","S","No","No","No","Yes","No","S","Yes","Never","Never"
"381",2019,"M","6th","No","S","S","No","No","No","No","S","S","No","No","No","Yes","No","No","Yes","Never","Rarely"
"382",2019,"M","6th","No","S","S","No","No","No","No","S","S","No","No","No","Yes","Yes","S","No","Never","Sometimes"
"383",2019,"F","6th","No","S","S","No","No","No","No","S","S","No","No","No","Not Sure","4","S","Yes","Sometimes","Rarely"
"384",2019,"M","6th","No","S","S","No","No","No","No","S","S","No","No","No","Not Sure","Yes","S","Yes","Rarely","Rarely"
"385",2019,"M","6th","No","S","S","N","No","No","No","S","S","No","No","No","Not Sure","Yes","S","Yes","Never","Never"
"386",2019,"M","6th","No","S","S","Yes","No","No","Yes","0","1-4 Years Ago","S","S","S","Yes","Yes","S","Yes","Never","Sometimes"
"387",2019,"F","6th","No","S","S","No","No","No","No","S","S","No","No","No","No","3","S","Yes","Never","Rarely"
"388",2019,"M","6th","Yes","75","0","S","S","S","No","S","S","No","No","No","Yes","Yes","S","Yes","Most of the time","Most of the time"
"389",2019,"F","6th","Yes","1","Today","S","S","S","No","S","S","No","No","No","Yes","Yes","Yes","Yes","Rarely","Never"
"390",2019,"F","6th","No","S","S","No","No","No","No","S","S","No","No","No","Yes","5","S","Yes","Most of the time","Most of the time"
"391",2019,"F","6th","No","S","S","Yes","No","No","No","S","S","Yes","No","No","Yes","5","S","Yes","Sometimes","Sometimes"
"392",2019,"F","6th","No","S","S","No","No","No","No","S","S","No","No","No","No","No","S","Yes","Never","Never"
"393",2019,"M","6th","No","S","S","No","No","No","No","S","S","No","No","No","Yes","No","S","Yes","Never","Never"
"394",2019,"F","6th","Yes","1","0","S","S","S","No","S","S","Yes","No","No","Yes","No","S","Yes","Rarely","Sometimes"
"395",2019,"F","6th","No","S","S","Yes","Yes","No","Yes","0","1-4 Years Ago","S","S","S","Yes","Yes","S","Yes","Rarely","Sometimes"
"396",2019,"F","6th","No","S","S","No","No","No","No","S","S","No","No","No","Not Sure","Yes","S","Yes","Rarely","Sometimes"
"397",2019,"F","7th","No","S","S","No","No","No","No","S","S","No","No","No","Yes","3","S","Yes","Sometimes","Sometimes"
"398",2019,"M","7th","No","S","S","No","No","No","No","S","S","No","No","No","No","4","S","Yes","Most of the time","Always"
"399",2019,"M","7th","No","S","S","Yes","No","No","No","S","S","No","No","No","Yes","5","S","Yes","Most of the time","Always"
"400",2019,"M","7th","No","S","S","Yes","No","No","No","S","S","Yes","No","No","Yes","6","S","No","Most of the time","Rarely"
"401",2019,"F","7th","No","S","S","Yes","No","No","No","S","S","No","No","No","Yes","Yes","S","Yes","Rarely","Rarely"
"402",2019,"F","7th","No","S","S","No","No","No","No","S","S","No","No","No","Yes","3","S","Yes","Never","Rarely"
"403",2019,"M","7th","No","S","S","No","No","No","No","S","S","No","No","No","No","6","S","Yes","Always","Always"
"404",2019,"F","7th","No","S","S","No","No","No","No","S","S","No","No","No","No","Yes","S","Yes","Rarely","Rarely"
"405",2019,"M","7th","No","S","S","No","No","No","No","S","S","No","No","No","Yes","4","S","No","Always","Sometimes"
"406",2019,"M","7th","No","S","S","Yes","No","No","No","S","S","Yes","No","No","Yes","Yes","S","Yes","Sometimes","Sometimes"
"407",2019,"F","7th","No","S","S","No","No","No","No","S","S","No","No","No","No","No","S","No","Never","Rarely"
"408",2019,"F","7th","Yes","75","Last Month","S","S","S","Yes","0","1-4 Years Ago","S","S","S","Yes","No","No","No","Never","Sometimes"
"409",2019,"M","7th","No","S","S","No","No","No","No","S","S","No","No","No","Yes","Yes","S","Yes","Sometimes","Never"
"410",2019,"M","7th","Yes","75","Last 7 Days","S","S","S","Yes","0","5 Years Ago","S","S","S","Yes","No","Yes","Yes","Most of the time","Rarely"
"411",2019,"M","7th","No","S","S","Yes","No","No","No","S","S","No","No","No","Yes","N","S","Yes","Sometimes","Sometimes"
"412",2019,"F","7th","No","S","S","N","No","No","No","S","S","No","No","No","No","Yes","S","Yes","Never","Sometimes"
"413",2019,"F","7th","No","S","S","No","No","No","No","S","S","No","No","No","Yes","Yes","S","No","Sometimes","Sometimes"
"414",2019,"M","7th","No","S","S","Yes","No","No","No","S","S","Yes","No","No","No","Yes","S","Yes","Sometimes","Always"
"415",2019,"F","7th","No","S","S","No","No","No","No","S","S","No","No","No","No","No","S","Yes","Never","Never"
"416",2019,"M","7th","No","S","S","No","No","No","No","S","S","No","No","No","Yes","Yes","S","Yes","Rarely","Rarely"
"417",2019,"F","7th","No","S","S","No","No","No","No","S","S","No","No","No","No","No","S","Yes","Never","Never"
"418",2019,"F","7th","No","S","S","No","No","No","No","S","S","No","No","No","Yes","Yes","S","Yes","Sometimes","Rarely"
"419",2019,"F","7th","No","S","S","No","No","No","No","S","S","No","No","No","Yes","Yes","S","Yes","Sometimes","Sometimes"
"420",2019,"M","7th","No","S","S","No","No","No","No","S","S","No","No","No","Yes","4","S","Yes","Sometimes","Sometimes"
"421",2019,"F","7th","Yes","75","Last Month","S","S","S","No","S","S","Yes","No","No","Yes","Yes","Yes","Yes","Always","Most of the time"
"422",2019,"F","7th","No","S","S","Yes","Yes","No","No","S","S","No","No","No","Yes","Yes","S","Yes","Rarely","Always"
"423",2019,"F","7th","No","S","S","No","No","No","No","S","S","No","No","No","Not Sure","4","S","Yes","Never","Rarely"
"424",2019,"M","7th","No","S","S","No","No","No","No","S","S","Yes","No","No","No","Yes","S","Yes","Sometimes","Rarely"
"425",2019,"N","N","N","N","N","S","S","S","N","N","S","S","S","S","N","N","S","N","N","N"
"426",2019,"M","8th","No","S","S","No","No","No","No","S","S","No","No","No","No","4","S","Yes","Rarely","Sometimes"
"427",2019,"M","N","Yes","75","Today","S","S","S","Yes","0","Last Year","S","S","S","Not Sure","5","No","No","Rarely","Rarely"
"428",2019,"M","8th","No","S","S","No","No","No","No","S","S","No","No","No","Yes","4","S","Yes","Rarely","Rarely"
"429",2019,"M","8th","No","S","S","No","No","No","No","S","S","No","No","No","Yes","Yes","S","No","Sometimes","Sometimes"
"430",2019,"M","8th","Yes","75","25","S","S","S","Yes","0","Last 6 Months","S","S","S","Yes","N","Yes","N","N","N"
"431",2019,"M","8th","No","S","S","No","No","No","No","S","S","Yes","No","No","Yes","Yes","S","Yes","Never","Most of the time"
"432",2019,"F","8th","No","S","S","No","No","No","No","S","S","Yes","No","No","No","Yes","S","Yes","Sometimes","Sometimes"
"433",2019,"M","8th","No","S","S","No","No","No","No","S","S","Yes","Yes","No","Yes","3","S","Yes","Rarely","Rarely"
"434",2019,"M","8th","No","S","S","Yes","No","No","No","S","S","No","No","No","Not Sure","3","S","Yes","Always","Most of the time"
"435",2019,"M","8th","No","S","S","No","Yes","Yes","Yes","5","Today","S","S","S","No","No","No","No","Rarely","Never"
"436",2019,"M","8th","No","S","S","No","No","No","No","S","S","No","No","No","Yes","3","S","Yes","Rarely","Sometimes"
"437",2019,"M","8th","No","S","S","No","No","No","No","S","S","No","No","No","Yes","No","S","Yes","Never","Never"
"438",2019,"F","8th","No","S","S","Yes","Yes","Yes","No","S","S","No","No","No","Yes","Yes","S","Yes","Rarely","Never"
"439",2019,"M","8th","No","S","S","No","No","No","No","S","S","No","No","No","Yes","No","S","Yes","Rarely","Rarely"
"440",2019,"M","8th","Yes","75","13","S","S","S","No","S","S","No","Yes","Yes","Yes","3","No","Yes","Sometimes","Never"
"441",2019,"F","8th","Yes","1","0","S","S","S","No","S","S","No","No","No","Yes","3","S","Yes","Rarely","Rarely"
"442",2019,"F","8th","No","S","S","Yes","No","No","No","S","S","No","No","No","Yes","Yes","S","Yes","Sometimes","Rarely"
"443",2019,"M","8th","No","S","S","No","No","No","No","S","S","No","No","No","Yes","Yes","S","Yes","Sometimes","Most of the time"
"444",2019,"M","8th","Yes","1","0","S","S","S","No","S","S","No","No","No","Not Sure","3","S","Yes","Sometimes","Rarely"
"445",2019,"F","8th","No","S","S","No","No","No","No","S","S","No","No","No","Not Sure","Yes","S","Yes","Rarely","Sometimes"
"446",2019,"M","8th","Yes","1","Today","S","S","S","No","S","S","No","No","No","Yes","3","Yes","Yes","Rarely","Rarely"
"447",2019,"F","8th","No","S","S","No","No","No","No","S","S","No","No","No","Yes","No","S","Yes","Never","Never"
"448",2019,"M","8th","Yes","1","0","S","S","S","No","S","S","No","No","No","Yes","3","S","Yes","Sometimes","Sometimes"
"449",2019,"F","8th","No","S","S","No","No","No","No","S","S","No","No","No","Yes","3","S","Yes","Never","Never"
"450",2019,"M","8th","Yes","75","0","S","S","S","No","S","S","No","No","No","Yes","3","S","Yes","Never","Always"
"451",2019,"F","8th","No","S","S","No","No","No","No","S","S","No","No","No","No","3","S","Yes","Rarely","Rarely"
"452",2019,"M","8th","No","S","S","No","No","No","No","S","S","No","No","No","Yes","Yes","S","Yes","Sometimes","Rarely"
"453",2019,"F","8th","No","S","S","No","No","No","No","S","S","No","No","No","Yes","3","S","Yes","Most of the time","Sometimes"
"454",2019,"M","8th","No","S","S","No","No","No","No","S","S","No","No","No","Not Sure","Yes","S","Yes","Never","Rarely"
"455",2019,"F","8th","No","S","S","Yes","No","No","No","S","S","No","No","No","Yes","Yes","S","Yes","Rarely","Always"
"456",2019,"M","8th","No","S","S","No","No","No","No","S","S","No","No","No","Yes","Yes","S","Yes","Never","Never"
"457",2019,"M","8th","Yes","75","0","S","S","S","Yes","0","Last Year","S","S","S","Yes","3","S","N","Sometimes","Rarely"
"458",2019,"F","8th","Yes","15","0","S","S","S","Yes","0","Last Year","S","S","S","Yes","Yes","S","Yes","Most of the time","Most of the time"
"459",2019,"F","8th","No","S","S","Yes","No","No","No","S","S","Yes","No","No","Yes","No","S","Yes","Most of the time","Most of the time"
"460",2019,"F","8th","No","S","S","No","No","No","No","S","S","No","No","No","Yes","3","S","Yes","Sometimes","Sometimes"
"461",2019,"M","8th","Yes","1","0","S","S","S","No","S","S","No","No","No","Yes","4","S","Yes","Sometimes","Sometimes"
"462",2019,"F","8th","No","S","S","No","No","No","No","S","S","Yes","Yes","No","Not Sure","3","S","Yes","Never","Most of the time"
"463",2019,"M","8th","No","S","S","No","No","No","No","S","S","No","No","No","Yes","Yes","S","Yes","I do not use the internet","I do not use the internet"
"464",2019,"M","8th","Yes","100","30","S","S","S","Yes","0","Last Year","S","S","S","Yes","6","No","No","Always","Always"
"465",2019,"F","8th","No","S","S","No","No","No","No","S","S","No","No","No","Yes","3","S","Yes","Sometimes","Sometimes"
"466",2019,"M","8th","Yes","1","Today","S","S","S","Yes","0","Last Year","S","S","S","Yes","3","No","No","Rarely","Always"
"467",2019,"F","8th","No","S","S","No","No","No","No","S","S","Yes","No","No","Not Sure","4","S","Yes","Sometimes","Sometimes"
"468",2019,"M","8th","No","S","S","No","No","No","No","S","S","No","No","No","Yes","Yes","S","Yes","Never","Never"
"469",2019,"M","8th","No","S","S","No","No","No","No","S","S","No","No","No","Yes","Yes","S","Yes","Rarely","Rarely"
"470",2019,"F","8th","No","S","S","Yes","No","No","No","S","S","No","No","No","Yes","4","S","Yes","Rarely","Always"
"471",2019,"M","8th","Yes","75","Last 6 Months","S","S","S","No","S","S","No","Yes","No","Yes","Yes","No","No","Sometimes","Sometimes"
"472",2019,"F","8th","No","S","S","No","No","No","No","S","S","No","No","No","No","Yes","S","Yes","Never","Never"
"473",2019,"F","8th","No","S","S","No","No","No","No","S","S","No","No","No","Yes","Yes","S","Yes","Sometimes","Sometimes"
"474",2019,"M","8th","Yes","35","Last Year","S","S","S","Yes","0","1-4 Years Ago","S","S","S","Yes","3","Yes","No","Never","Rarely"
"475",2019,"F","8th","No","S","S","No","No","No","No","S","S","No","No","No","No","3","S","No","Never","Rarely"
"476",2019,"M","8th","No","S","S","No","No","No","No","S","S","No","No","No","Yes","3","S","Yes","Sometimes","Most of the time"
"477",2019,"M","8th","No","S","S","No","No","No","No","S","S","No","No","No","Yes","No","S","Yes","Never","Never"
"478",2019,"F","8th","No","S","S","No","No","No","No","S","S","No","No","No","No","Yes","S","Yes","I do not use the internet","I do not use the internet"
"479",2019,"F","8th","No","S","S","No","No","No","No","S","S","No","No","No","Not Sure","No","S","Yes","Never","Sometimes"
"480",2019,"F","7th","No","S","S","No","No","No","No","S","S","No","No","No","Yes","Yes","S","Yes","Never","Most of the time"
"481",2019,"M","7th","No","S","S","No","No","No","No","S","S","No","No","No","Yes","No","S","Yes","Rarely","Rarely"
"482",2019,"F","7th","No","S","S","Yes","No","No","No","S","S","No","No","No","Yes","Yes","S","Yes","Rarely","Sometimes"
"483",2019,"M","7th","No","S","S","No","No","No","No","S","S","No","No","No","Yes","Yes","S","Yes","Never","Sometimes"
"484",2019,"F","7th","No","S","S","No","No","No","No","S","S","No","No","No","Not Sure","Yes","S","Yes","Never","Rarely"
"485",2019,"M","7th","No","S","S","No","No","No","No","S","S","No","No","No","Yes","Yes","S","Yes","Never","Never"
"486",2019,"M","7th","No","S","S","Yes","Yes","No","Yes","0","5 Years Ago","S","S","S","Yes","Yes","S","Yes","Rarely","Rarely"
"487",2019,"F","7th","No","S","S","No","No","No","No","S","S","No","No","No","Yes","Yes","S","Yes","Never","Rarely"
"488",2019,"M","7th","No","S","S","Yes","No","No","No","S","S","No","No","No","Yes","Yes","S","Yes","Rarely","Rarely"
"489",2019,"F","7th","No","S","S","No","No","No","No","S","S","No","No","No","Yes","3","S","Yes","Rarely","Rarely"
"490",2019,"F","7th","No","S","S","No","No","No","No","S","S","No","No","No","Not Sure","Yes","S","Yes","Rarely","Rarely"
"491",2019,"F","7th","No","S","S","No","No","No","No","S","S","Yes","No","No","Yes","No","S","Yes","Never","Never"
"492",2019,"F","7th","No","S","S","No","No","No","No","S","S","No","No","No","No","5","S","No","Sometimes","Sometimes"
"493",2019,"F","7th","No","S","S","No","No","Yes","No","S","S","Yes","No","No","Yes","Yes","S","Yes","Rarely","Rarely"
"494",2019,"M","7th","No","S","S","No","No","No","No","S","S","No","No","No","No","No","S","Yes","Never","Rarely"
"495",2019,"M","7th","No","S","S","Yes","No","No","No","S","S","Yes","No","No","Yes","4","S","Yes","Sometimes","Sometimes"
"496",2019,"M","7th","No","S","S","Yes","No","No","No","S","S","Yes","No","No","Yes","Yes","S","Yes","Sometimes","Rarely"
"497",2019,"M","7th","No","S","S","Yes","Yes","No","No","S","S","No","No","No","Yes","No","S","No","Sometimes","Sometimes"
"498",2019,"F","6th","Yes","1","0","S","S","S","No","S","S","Yes","No","No","No","Yes","S","Yes","Sometimes","Never"
"499",2019,"F","6th","No","S","S","No","No","No","No","S","S","No","No","No","Yes","Yes","S","Yes","Never","I do not use the internet"
"500",2019,"F","6th","No","S","S","No","No","No","No","S","S","No","No","No","Yes","Yes","S","Yes","Never","Never"
"501",2019,"M","6th","No","S","S","No","No","No","N","N","S","S","S","S","Not Sure","Yes","S","Yes","Rarely","Rarely"
"502",2019,"F","6th","No","S","S","No","No","No","No","S","S","No","No","No","Yes","5","S","Yes","Sometimes","Sometimes"
"503",2019,"M","6th","Yes","1","0","S","S","S","No","S","S","Yes","No","No","Yes","5","S","No","Never","Rarely"
"504",2019,"F","6th","No","S","S","No","No","No","No","S","S","No","No","No","Yes","3","S","Yes","Rarely","Rarely"
"505",2019,"F","6th","No","S","S","No","No","No","No","S","S","No","No","No","No","No","S","Yes","Never","Sometimes"
"506",2019,"M","6th","No","S","S","No","No","No","No","S","S","No","No","No","No","Yes","S","Yes","Rarely","Never"
"507",2019,"F","6th","No","S","S","No","No","No","No","S","S","No","No","No","Yes","5","S","Yes","Sometimes","Rarely"
"508",2019,"F","6th","No","S","S","No","No","No","No","S","S","No","No","No","No","Yes","No","No","Always","Most of the time"
"509",2019,"M","6th","No","S","S","No","No","No","No","S","S","No","No","No","Yes","No","S","Yes","Rarely","Rarely"
"510",2019,"F","6th","No","S","S","No","No","No","No","S","S","No","No","No","Yes","Yes","S","Yes","Never","Rarely"
"511",2019,"F","6th","No","S","S","No","No","No","No","S","S","Yes","No","No","Yes","5","S","Yes","Always","Always"
"512",2019,"F","6th","No","S","S","No","No","No","No","S","S","No","No","No","Not Sure","No","S","No","Never","Sometimes"
"513",2019,"F","6th","No","S","S","No","No","No","No","S","S","No","No","No","Yes","Yes","S","Yes","Sometimes","Most of the time"
"514",2019,"F","6th","No","S","S","Yes","No","No","No","S","S","No","No","No","Yes","Yes","S","Yes","Sometimes","Sometimes"
"515",2019,"M","6th","No","S","S","No","No","No","No","S","S","No","No","No","No","4","S","Yes","Never","Sometimes"
"516",2019,"F","6th","No","S","S","No","No","No","No","S","S","No","No","No","Yes","4","S","Yes","Rarely","Rarely"
"517",2019,"M","6th","No","S","S","Yes","No","No","No","S","S","No","No","No","Yes","3","S","Yes","Sometimes","Sometimes"
"518",2019,"F","6th","No","S","S","No","No","No","No","S","S","No","No","No","Yes","3","S","Yes","Never","Never"
"519",2019,"F","6th","No","S","S","No","No","No","No","S","S","No","No","No","Yes","Yes","S","Yes","Never","Rarely"
"520",2019,"F","6th","No","S","S","No","No","No","No","S","S","No","No","No","Yes","Yes","S","Yes","Rarely","Rarely"
"521",2019,"F","6th","No","S","S","No","No","No","No","S","S","No","No","No","Yes","4","S","Yes","Rarely","Rarely"
"522",2019,"M","6th","No","S","S","No","No","No","No","S","S","No","No","No","Yes","Yes","S","Yes","Rarely","Sometimes"
"523",2019,"F","6th","No","S","S","No","No","No","No","S","S","No","No","No","Not Sure","No","S","Yes","Rarely","Sometimes"
"524",2019,"M","6th","No","S","S","No","No","No","No","S","S","No","No","No","Not Sure","Yes","S","Yes","Never","Rarely"
"525",2019,"F","6th","No","S","S","No","No","No","No","S","S","No","No","No","Yes","Yes","S","Yes","Sometimes","Sometimes"
"526",2019,"F","6th","No","S","S","No","No","No","No","S","S","No","No","No","Yes","5","S","Yes","Never","Most of the time"
"527",2019,"F","6th","No","S","S","Yes","No","No","No","S","S","Yes","No","No","Yes","Yes","S","Yes","Rarely","Rarely"
"528",2019,"F","6th","No","S","S","No","No","No","No","S","S","No","No","No","Yes","Yes","S","Yes","Never","Never"
"529",2019,"M","6th","No","S","S","No","No","No","No","S","S","No","No","No","Not Sure","Yes","S","Yes","Rarely","Rarely"
"530",2019,"F","6th","No","S","S","No","No","No","No","S","S","No","No","No","Yes","No","S","Yes","Most of the time","Most of the time"
"531",2019,"F","6th","No","S","S","No","No","No","No","S","S","No","No","No","Yes","6","S","Yes","I do not use the internet","Always"
"532",2019,"F","6th","No","S","S","No","No","No","No","S","S","No","No","No","Yes","Yes","S","Yes","Never","Rarely"
"533",2019,"F","6th","No","S","S","No","No","No","No","S","S","No","No","No","Not Sure","3","S","Yes","Rarely","Never"
"534",2019,"M","6th","Yes","1","0","S","S","S","No","S","S","Yes","No","No","Yes","5","S","Yes","Always","Most of the time"
"535",2019,"M","6th","Yes","1","0","S","S","S","No","S","S","No","No","No","Yes","Yes","S","Yes","Never","Rarely"
"536",2019,"F","6th","No","S","S","No","No","No","No","S","S","No","No","No","Yes","Yes","S","No","Sometimes","Rarely"
"537",2019,"M","6th","No","S","S","No","No","No","No","S","S","No","No","No","Yes","Yes","S","Yes","Rarely","Rarely"
"538",2019,"M","6th","No","S","S","No","No","No","No","S","S","Yes","No","No","Yes","Yes","S","Yes","Rarely","Sometimes"
"539",2019,"F","6th","No","S","S","No","No","No","No","S","S","No","No","No","Yes","Yes","S","Yes","Rarely","Rarely"
"540",2019,"M","7th","No","S","S","No","No","No","No","S","S","Yes","No","No","No","N","S","No","Sometimes","Rarely"
"541",2019,"M","7th","Yes","15","Today","S","S","S","Yes","0","1-4 Years Ago","S","S","S","Yes","Yes","No","Yes","Always","Sometimes"
"542",2019,"M","7th","No","S","S","No","Yes","No","No","S","S","No","No","No","Yes","3","S","Yes","Always","Rarely"
"543",2019,"F","7th","Yes","1","0","S","S","S","No","S","S","No","No","No","Yes","Yes","S","No","Rarely","Always"
"544",2019,"M","7th","No","S","S","No","No","No","No","S","S","No","No","No","Yes","4","S","Yes","Always","Always"
"545",2019,"M","7th","Yes","1","0","S","S","S","No","S","S","No","Yes","No","Yes","Yes","S","Yes","Rarely","Always"
"546",2019,"M","7th","No","S","S","No","No","No","No","S","S","No","No","No","Yes","N","S","N","Most of the time","Most of the time"
"547",2019,"F","7th","No","S","S","No","No","No","No","S","S","No","No","No","Yes","Yes","S","Yes","Sometimes","Sometimes"
"548",2019,"M","7th","Yes","100","0","S","S","S","No","S","S","No","No","No","No","3","S","Yes","Sometimes","Always"
"549",2019,"M","7th","No","S","S","No","No","No","No","S","S","No","No","No","No","No","S","No","Sometimes","Never"
"550",2019,"M","7th","Yes","N","Last 7 Days","S","S","S","No","S","S","Yes","Yes","No","Not Sure","4","Yes","No","Sometimes","Sometimes"
"551",2019,"M","7th","Yes","1","0","S","S","S","No","S","S","No","No","No","Yes","6","S","No","I do not use the internet","Most of the time"
"552",2019,"F","7th","Yes","1","0","S","S","S","No","S","S","Yes","No","No","No","3","S","No","Always","Never"
"553",2019,"F","7th","No","S","S","No","No","No","No","S","S","No","No","No","Yes","Yes","S","Yes","Never","Rarely"
"554",2019,"F","9th","No","S","S","Yes","No","No","No","S","S","No","No","No","No","3","S","No","Never","Rarely"
"555",2019,"M","7th","No","S","S","No","No","No","No","S","S","No","No","No","No","Yes","S","Yes","Rarely","I do not use the internet"
"556",2019,"M","7th","No","S","S","No","No","No","No","S","S","Yes","No","No","Yes","Yes","S","Yes","Rarely","Never"
"557",2019,"M","7th","Yes","1","0","S","S","S","No","S","S","Yes","No","No","Yes","Yes","S","No","Sometimes","Sometimes"
"558",2019,"M","7th","No","S","S","No","No","No","No","S","S","No","No","No","Yes","Yes","S","Yes","Sometimes","I do not use the internet"
"559",2019,"M","7th","Yes","1","0","S","S","S","Yes","0","5 Years Ago","S","S","S","Not Sure","No","S","No","Never","Never"
"560",2019,"M","7th","No","S","S","No","No","No","No","S","S","No","No","No","No","No","S","Yes","Never","Never"
"561",2019,"M","7th","N","N","N","S","S","S","No","S","S","No","No","No","N","N","S","N","N","N"
"562",2019,"F","7th","Yes","1","0","S","S","S","No","S","S","No","No","No","No","No","S","No","Rarely","Rarely"
"563",2019,"M","7th","No","S","S","No","No","No","No","S","S","No","No","No","Yes","3","S","No","Never","Sometimes"
"564",2019,"F","7th","No","S","S","No","No","No","No","S","S","No","No","No","Not Sure","Yes","S","Yes","Sometimes","Most of the time"
"565",2019,"F","7th","No","S","S","No","No","No","No","S","S","Yes","No","No","Yes","3","S","Yes","Never","Rarely"
"566",2019,"M","7th","No","S","S","No","No","No","No","S","S","No","No","No","No","No","S","N","Never","Never"
"567",2019,"M","7th","No","S","S","No","No","No","No","S","S","No","No","No","No","Yes","S","Yes","Never","Rarely"
"568",2019,"F","7th","No","S","S","No","No","No","No","S","S","No","No","No","Yes","Yes","S","Yes","Rarely","Rarely"
"569",2019,"M","7th","No","S","S","No","No","No","No","S","S","No","No","No","Yes","Yes","S","Yes","Most of the time","Always"
"570",2019,"M","7th","Yes","1","0","S","S","S","No","S","S","No","No","No","Yes","5","S","Yes","Always","Always"
"571",2019,"F","7th","No","S","S","No","No","No","No","S","S","No","No","No","Yes","Yes","S","Yes","Never","Never"
"572",2019,"M","7th","No","S","S","No","No","No","No","S","S","No","No","No","Yes","Yes","S","Yes","Never","Never"
"573",2019,"M","7th","No","S","S","No","No","No","No","S","S","No","No","No","Not Sure","4","S","Yes","Rarely","Sometimes"
"574",2019,"M","7th","No","S","S","No","No","No","No","S","S","No","No","No","Yes","Yes","S","Yes","Never","Never"
"575",2019,"F","7th","No","S","S","Yes","No","No","No","S","S","No","No","No","Yes","3","S","Yes","Sometimes","Never"
"576",2019,"F","7th","No","S","S","Yes","Yes","Yes","No","S","S","No","No","No","Not Sure","4","S","Yes","Never","Sometimes"
"577",2019,"M","7th","No","S","S","No","No","No","Yes","0","Last 6 Months","S","S","S","Not Sure","3","Yes","Yes","Never","Rarely"
"578",2019,"F","7th","No","S","S","No","No","No","No","S","S","No","No","No","Yes","Yes","S","Yes","Sometimes","Sometimes"
"579",2019,"F","7th","No","S","S","No","No","No","No","S","S","No","No","No","Not Sure","3","S","Yes","Rarely","Rarely"
"580",2019,"F","7th","Yes","1","0","S","S","S","No","S","S","Yes","No","No","Yes","Yes","S","Yes","Always","Always"
"581",2019,"F","7th","No","S","S","Yes","No","No","No","S","S","Yes","No","No","Not Sure","No","S","No","Never","Never"
"582",2019,"M","7th","No","S","S","No","No","No","Yes","0","5 Years Ago","S","S","S","No","Yes","S","Yes","Sometimes","Sometimes"
"583",2019,"F","8th","No","S","S","No","No","No","No","S","S","No","No","No","Yes","Yes","S","Yes","Rarely","Sometimes"
"584",2019,"F","8th","No","S","S","No","No","No","No","S","S","No","No","No","Yes","4","S","Yes","Sometimes","Sometimes"
"585",2019,"M","8th","Yes","15","Last 7 Days","S","S","S","Yes","0","1-4 Years Ago","S","S","S","N","N","Yes","No","Most of the time","Always"
"586",2019,"M","8th","No","S","S","No","No","No","No","S","S","No","No","No","Not Sure","No","S","No","Never","Never"
"587",2019,"F","8th","No","S","S","No","No","No","No","S","S","No","No","No","Yes","Yes","S","Yes","Sometimes","Most of the time"
"588",2019,"F","8th","No","S","S","No","No","No","No","S","S","Yes","Yes","No","Not Sure","N","S","N","N","N"
"589",2019,"M","8th","No","S","S","No","No","No","No","S","S","Yes","Yes","No","Not Sure","No","S","No","Never","N"
"590",2019,"M","8th","No","S","S","No","No","No","No","S","S","No","No","No","Not Sure","Yes","S","Yes","I do not use the internet","Never"
"591",2019,"M","8th","Yes","35","12","S","S","S","No","S","S","No","No","No","Not Sure","3","Yes","No","Most of the time","Always"
"592",2019,"M","8th","Yes","1","0","S","S","S","No","S","S","No","No","No","Yes","Yes","S","Yes","Most of the time","Never"
"593",2019,"M","8th","No","S","S","No","No","No","No","S","S","Yes","No","No","N","N","S","N","N","N"
"594",2019,"M","8th","No","S","S","No","No","No","No","S","S","No","No","No","Not Sure","No","Yes","No","I do not use the internet","Rarely"
"595",2019,"F","8th","No","S","S","No","No","No","No","S","S","No","No","No","Yes","No","S","No","Sometimes","Always"
"596",2019,"M","8th","No","S","S","No","No","No","No","S","S","No","No","No","No","No","S","Yes","Never","Never"
"597",2019,"M","8th","No","S","S","No","No","No","No","S","S","No","No","No","Not Sure","Yes","Yes","Yes","I do not use the internet","I do not use the internet"
"598",2019,"F","8th","No","S","S","No","No","No","No","S","S","No","No","No","No","Yes","S","Yes","Never","Rarely"
"599",2019,"M","8th","No","S","S","No","No","No","No","S","S","Yes","No","N","Not Sure","6","S","No","Sometimes","Always"
"600",2019,"M","8th","Yes","1","Today","S","S","S","No","S","S","Yes","No","No","Yes","6","N","Yes","Always","Always"
"601",2019,"F","8th","Yes","75","Last Month","S","S","S","Yes","0","E","S","S","S","No","4","Yes","Yes","Most of the time","Always"
"602",2019,"F","8th","No","S","S","No","No","No","No","S","S","No","No","No","Yes","4","S","Yes","Most of the time","Always"
"603",2019,"M","8th","Yes","75","E","S","S","S","No","S","S","No","No","Yes","No","Yes","S","No","I do not use the internet","I do not use the internet"
"604",2019,"M","8th","No","S","S","No","Yes","Yes","No","S","S","Yes","No","No","Not Sure","N","N","No","Never","Never"
"605",2019,"M","8th","No","S","S","Yes","No","No","No","S","S","No","No","No","Yes","Yes","S","Yes","Rarely","Sometimes"
"606",2019,"M","8th","No","S","S","No","No","No","No","S","S","No","No","No","No","4","S","Yes","Sometimes","Sometimes"
"607",2019,"F","8th","No","S","S","No","No","No","No","S","S","No","No","No","No","No","S","No","Rarely","Sometimes"
"608",2019,"M","8th","No","S","S","No","No","No","No","S","S","No","No","No","Yes","Yes","S","Yes","Most of the time","Most of the time"
"609",2019,"F","8th","No","S","S","No","No","No","No","S","S","No","No","No","No","4","S","Yes","Sometimes","Always"
"610",2019,"M","9th","No","S","S","Yes","Yes","No","No","S","S","Yes","No","N","N","N","No","N","N","Never"
"611",2019,"M","8th","No","S","S","No","No","No","No","S","S","No","No","No","No","Yes","S","Yes","I do not use the internet","I do not use the internet"
"612",2019,"M","8th","No","S","S","No","No","No","No","S","S","No","No","No","No","3","S","Yes","Rarely","Rarely"
"613",2019,"M","8th","No","S","S","Yes","Yes","No","No","S","S","No","No","No","No","4","S","Yes","Rarely","Sometimes"
"614",2019,"M","8th","No","S","S","No","No","No","No","S","S","No","No","No","Not Sure","No","S","Yes","Never","Never"
"615",2019,"M","8th","No","S","S","No","No","No","No","S","S","No","No","No","No","Yes","S","Yes","Rarely","Sometimes"
"616",2019,"F","8th","No","S","S","No","No","No","No","S","S","No","No","No","Yes","Yes","S","Yes","Never","Most of the time"
"617",2019,"M","8th","Yes","75","0","S","S","S","Yes","0","5 Years Ago","S","S","S","Yes","Yes","S","Yes","Rarely","Rarely"
"618",2019,"F","8th","No","S","S","Yes","Yes","No","Yes","13","E","S","S","S","Yes","3","Yes","Yes","Sometimes","Sometimes"
"619",2019,"F","8th","No","S","S","No","No","No","No","S","S","No","No","No","Yes","3","No","Yes","Most of the time","Most of the time"
"620",2019,"M","8th","No","S","S","No","No","No","No","S","S","No","No","No","No","4","S","Yes","Sometimes","Sometimes"
"621",2019,"M","8th","No","S","S","No","No","No","No","S","S","No","No","No","Yes","Yes","S","Yes","Never","Rarely"
"622",2019,"F","8th","No","S","S","Yes","No","No","No","S","S","No","No","No","Yes","Yes","S","Yes","Rarely","Never"
"623",2019,"F","8th","Yes","1","0","S","S","S","Yes","0","5 Years Ago","S","S","S","Yes","N","S","Yes","Sometimes","Sometimes"
"624",2019,"M","8th","No","S","S","No","No","No","No","S","S","No","No","No","Yes","3","S","Yes","Sometimes","Sometimes"
"625",2019,"N","8th","Yes","1","Today","S","S","S","No","S","S","No","No","No","Yes","Yes","Yes","Yes","Rarely","Sometimes"
"626",2019,"M","8th","No","S","S","No","No","No","No","S","S","No","No","No","No","6","S","Yes","Sometimes","Always"
"627",2019,"F","8th","Yes","35","1-4 Years Ago","S","S","S","No","S","S","No","No","No","Yes","6","Yes","Yes","Rarely","Always"
"628",2019,"M","8th","Yes","1","0","S","S","S","No","S","S","No","No","No","Yes","3","S","Yes","Never","Rarely"
"629",2019,"F","8th","No","S","S","No","No","No","No","S","S","No","No","No","Not Sure","No","S","Yes","Sometimes","Sometimes"
"630",2019,"F","6th","No","S","S","No","No","No","No","S","S","No","No","No","Not Sure","3","S","Yes","Rarely","Sometimes"
"631",2019,"F","6th","No","S","S","Yes","Yes","No","No","S","S","No","Yes","No","Not Sure","No","S","Yes","N","Never"
"632",2019,"M","6th","No","S","S","Yes","No","No","No","S","S","No","No","No","Not Sure","Yes","S","Yes","Never","Sometimes"
"633",2019,"F","6th","No","S","S","No","No","No","No","S","S","No","No","No","Yes","No","S","Yes","Never","Never"
"634",2019,"M","6th","No","S","S","Yes","No","No","Yes","29","E","S","S","S","No","Yes","Yes","Yes","Rarely","Never"
"635",2019,"M","6th","No","S","S","No","No","No","No","S","S","No","No","No","Yes","Yes","S","Yes","Rarely","Most of the time"
"636",2019,"M","6th","No","S","S","No","No","No","No","S","S","No","No","No","No","Yes","S","Yes","Never","Never"
"637",2019,"M","6th","No","S","S","Yes","No","No","No","S","S","No","No","No","No","No","N","Yes","Rarely","Rarely"
"638",2019,"M","6th","No","S","S","No","No","No","No","S","S","No","No","No","No","5","S","Yes","Always","Most of the time"
"639",2019,"M","6th","No","S","S","No","No","No","No","S","S","No","No","No","Yes","No","S","No","Sometimes","Sometimes"
"640",2019,"F","6th","No","S","S","No","No","No","No","S","S","No","No","No","No","No","S","No","Never","Rarely"
"641",2019,"M","6th","No","S","S","Yes","No","No","No","S","S","Yes","No","No","No","Yes","S","Yes","Rarely","Rarely"
"642",2019,"M","6th","No","S","S","No","No","No","No","S","S","No","No","No","Yes","4","S","Yes","Rarely","Rarely"
"643",2019,"M","6th","No","S","S","No","No","No","No","S","S","No","No","No","Yes","N","S","Yes","Rarely","Most of the time"
"644",2019,"F","6th","No","S","S","Yes","No","No","No","S","S","No","No","No","No","Yes","S","Yes","Never","Never"
"645",2019,"F","6th","No","S","S","No","No","No","No","S","S","No","No","No","No","Yes","S","Yes","Never","Never"
"646",2019,"F","6th","No","S","S","No","No","No","No","S","S","No","No","No","Yes","N","S","Yes","Rarely","Rarely"
"647",2019,"F","6th","No","S","S","No","No","No","No","S","S","No","No","No","Yes","Yes","S","Yes","Never","Sometimes"
"648",2019,"F","6th","No","S","S","Yes","No","No","No","S","S","Yes","No","No","Not Sure","Yes","S","Yes","Never","Never"
"649",2019,"M","6th","No","S","S","No","No","No","No","S","S","No","No","No","No","Yes","S","Yes","Never","Rarely"
"650",2019,"M","6th","No","S","S","No","No","No","No","S","S","No","No","No","Not Sure","Yes","S","Yes","Sometimes","Sometimes"
"651",2019,"M","6th","No","S","S","No","No","No","No","S","S","No","No","No","Not Sure","No","S","Yes","Never","Never"
"652",2019,"F","6th","No","S","S","No","No","No","No","S","S","No","No","No","Yes","3","S","Yes","Never","Rarely"
"653",2019,"M","6th","No","S","S","No","No","No","No","S","S","No","No","No","No","4","S","Yes","Never","Sometimes"
"654",2019,"M","6th","No","S","S","Yes","No","No","No","S","S","Yes","No","No","Yes","Yes","S","N","Most of the time","Always"
"655",2019,"M","6th","No","S","S","No","No","No","No","S","S","No","No","No","Not Sure","No","S","Yes","Rarely","Rarely"
"656",2019,"M","6th","No","S","S","No","No","No","No","S","S","No","No","No","Yes","Yes","S","Yes","Rarely","Rarely"
"657",2019,"M","7th","No","S","S","No","No","Yes","No","S","S","No","No","No","Yes","Yes","S","Yes","Sometimes","Sometimes"
"658",2019,"M","7th","No","S","S","No","No","No","No","S","S","No","No","No","Not Sure","Yes","S","Yes","Never","Rarely"
"659",2019,"M","7th","No","S","S","No","No","No","No","S","S","No","No","No","Yes","Yes","S","Yes","Never","Never"
"660",2019,"M","7th","No","S","S","Yes","Yes","Yes","No","S","S","Yes","Yes","No","Yes","No","S","Yes","Rarely","Never"
"661",2019,"F","7th","Yes","75","Last 6 Months","S","S","S","No","S","S","Yes","No","No","Yes","No","Yes","Yes","Never","Rarely"
"662",2019,"M","7th","Yes","75","0","S","S","S","No","S","S","Yes","Yes","Yes","Yes","No","Yes","No","Never","Rarely"
"663",2019,"F","7th","No","S","S","Yes","Yes","Yes","No","S","S","Yes","Yes","Yes","Not Sure","Yes","S","Yes","Rarely","Sometimes"
"664",2019,"F","7th","Yes","1","Today","S","S","S","No","S","S","Yes","No","No","Not Sure","Yes","Yes","Yes","Sometimes","Rarely"
"665",2019,"M","7th","No","S","S","No","No","No","No","S","S","No","No","No","No","No","S","Yes","Rarely","Rarely"
"666",2019,"F","7th","No","S","S","Yes","Yes","No","No","S","S","No","No","No","Not Sure","3","S","Yes","Never","Rarely"
"667",2019,"M","7th","No","S","S","Yes","Yes","Yes","No","S","S","Yes","Yes","No","Yes","Yes","S","Yes","Sometimes","Sometimes"
"668",2019,"M","7th","No","S","S","No","No","No","No","S","S","Yes","No","No","No","3","S","No","Sometimes","Most of the time"
"669",2019,"F","7th","No","S","S","No","No","No","No","S","S","No","No","No","Not Sure","Yes","S","Yes","Sometimes","Sometimes"
"670",2019,"F","7th","No","S","S","Yes","Yes","Yes","No","S","S","No","Yes","No","Not Sure","Yes","S","Yes","Most of the time","Rarely"
"671",2019,"F","7th","No","S","S","No","No","No","No","S","S","No","No","No","Not Sure","Yes","S","Yes","Rarely","Most of the time"
"672",2019,"F","7th","No","S","S","No","No","Yes","No","S","S","No","No","No","Yes","Yes","S","Yes","Sometimes","Most of the time"
"673",2019,"F","7th","Yes","75","9","S","S","S","Yes","0","Last Year","S","S","S","No","4","No","Yes","Rarely","Sometimes"
"674",2019,"F","7th","No","S","S","No","No","No","No","S","S","No","No","No","No","3","S","Yes","Never","N"
"675",2019,"F","7th","No","S","S","No","No","No","No","S","S","No","No","No","Yes","Yes","S","Yes","Rarely","Rarely"
"676",2019,"F","7th","Yes","1","Today","S","S","S","Yes","1","Last Month","S","S","S","Yes","Yes","Yes","Yes","Sometimes","Sometimes"
"677",2019,"F","7th","No","S","S","Yes","Yes","Yes","No","S","S","Yes","Yes","No","Yes","Yes","S","Yes","Sometimes","Most of the time"
"678",2019,"M","7th","No","S","S","No","No","No","No","S","S","No","No","No","No","Yes","S","Yes","Never","Never"
"679",2019,"M","7th","No","S","S","No","No","No","No","S","S","No","No","No","Yes","4","S","Yes","Sometimes","Sometimes"
"680",2019,"M","7th","No","S","S","Yes","Yes","No","No","S","S","No","No","No","Yes","4","S","Yes","I do not use the internet","Always"
"681",2019,"M","8th","No","S","S","No","No","No","No","S","S","No","No","No","Yes","Yes","S","Yes","Rarely","Rarely"
"682",2019,"M","8th","Yes","15","Last 7 Days","S","S","S","No","S","S","Yes","No","No","Yes","4","Yes","No","Rarely","Sometimes"
"683",2019,"F","8th","Yes","75","Last Year","S","S","S","No","S","S","No","No","No","No","Yes","Yes","Yes","Never","Never"
"684",2019,"M","8th","Yes","35","Today","S","S","S","No","S","S","No","No","No","No","Yes","Yes","Yes","Rarely","Sometimes"
"685",2019,"M","8th","No","S","S","Yes","Yes","Yes","No","S","S","Yes","No","No","No","Yes","S","Yes","Rarely","Sometimes"
"686",2019,"","","","","","","","","","","","","","","","","","","",""
